/*
SQLyog Ultimate v12.09 (64 bit)
MySQL - 5.6.37 : Database - tagabukid_hrmis
*********************************************************************
*/

/*!40101 SET NAMES utf8 */;

/*!40101 SET SQL_MODE=''*/;

/*!40014 SET @OLD_UNIQUE_CHECKS=@@UNIQUE_CHECKS, UNIQUE_CHECKS=0 */;
/*!40014 SET @OLD_FOREIGN_KEY_CHECKS=@@FOREIGN_KEY_CHECKS, FOREIGN_KEY_CHECKS=0 */;
/*!40101 SET @OLD_SQL_MODE=@@SQL_MODE, SQL_MODE='NO_AUTO_VALUE_ON_ZERO' */;
/*!40111 SET @OLD_SQL_NOTES=@@SQL_NOTES, SQL_NOTES=0 */;
CREATE DATABASE /*!32312 IF NOT EXISTS*/`tagabukid_hrmis` /*!40100 DEFAULT CHARACTER SET utf8 */;

USE `tagabukid_hrmis`;

/*Table structure for table `pmis_behavioral` */

DROP TABLE IF EXISTS `pmis_behavioral`;

CREATE TABLE `pmis_behavioral` (
  `objid` varchar(100) NOT NULL,
  `sortorder` int(50) NOT NULL,
  `type` varchar(50) NOT NULL,
  `name` text NOT NULL,
  `description` text,
  `successindicator` text,
  `remarks` text,
  PRIMARY KEY (`objid`)
) ENGINE=InnoDB DEFAULT CHARSET=latin1;

/*Data for the table `pmis_behavioral` */

insert  into `pmis_behavioral`(`objid`,`sortorder`,`type`,`name`,`description`,`successindicator`,`remarks`) values ('b-3481e9fd:160fe07b2f3:-7fa3',7,'Peer','PUNCTUALITY AND ATTENDANCE','Behvior of the Employee/Official in coming to office on the or be present at work to complete assigned responsiblities','Please refer to the description below.','test'),('b-3481e9fd:160fe07b2f3:-7fad',6,'Peer','CUSTOMER SERVICE EXCELLENCE','Identifying and responding to current and future customer(client, constituents) needs; providing service excellence to internal and external customers, and extend excellent service experience for the customer beyond their expectations.','Does he/she elicis positive feedback from customers; Does he/she goes out of his way to assist a customer and ensures customer satisfaction in every tasks performed howker small it is?','test'),('b-3481e9fd:160fe07b2f3:-7fb5',5,'Peer','COOMMITMENT AND DEDICATION','Perom assigned functions/tasks with passion to inspire and create an environment that encourages positive interaction and callaborateion among employees/talents of the organization and guides emebers towards the accomplishments of the agency straegic goals.','Does he/she inspires others to work hard and perform their tasks to the best of their ability? Does he/she encourages copperation and teamwork among co-workers?','test'),('b-3481e9fd:160fe07b2f3:-7fbc',4,'Peer','CONDUCT AND ETHICAL STANDARDS','Performing the duties with utmost responsibility, integrity, competence and loyalty, act with patriotism and justice, lead modest lives, and uphold public interest over personal interest','Does the employee shows proper conduct in the performance oh his/her duty and in dealing with customers?','test'),('b-3481e9fd:160fe07b2f3:-7fc6',3,'Peer','INITIATIVE','Has the ability to assess and initaite things independently; The power or opportunity to act or take charge before others do','Is he/she a self-starter or waits the be told what to do; Does he/she come up with constructive ideas or methods to improve hs/her work? Can he/she work with minimal supervision?','test'),('b-3481e9fd:160fe07b2f3:-7fcd',2,'Peer','DILIGENCE','Persistent and hard working in the performance of his/her tasks and responsibilities.','Does he/she look for ways to continue working/finish his/her task een in difficult situations?','test'),('b-3481e9fd:160fe07b2f3:-7fd5',1,'Peer','DEPENDABILITY/RELIABILITY','The extent of which the employee can be relied upon in the exection of assigned tasks and his ability to follow instructions and resolve problems with minimal supervision.','Does he/she deliver what is asked?','test'),('c2282a5b8:161690ab5b2:-7f8e',5,'Client','GROOMING AND APPEARANCE',NULL,'Does he/she present a neat and presentable appearance, wears proper uniform / attire and ID?',NULL),('c2282a5b8:161690ab5b2:-7f93',4,'Client','CLEANLINESS AND ORDERLINESS OF WORK AREA',NULL,'is his/her work area cleared of unsightful items, clean, organized and orderly?	',NULL),('c2282a5b8:161690ab5b2:-7f9b',3,'Client','READINESS FOR SERVICE',NULL,'is he/she always at his/her station, punctual, not engaging in unofficial matters like chatting, eating, telephoning, etc, while the client is waiting or watching?',NULL),('c2282a5b8:161690ab5b2:-7fa0',2,'Client','COUTERSY',NULL,'Is he/she polite, cordial, and attentive? Does he / she smile, greet clients, make the comfortable and at ease?',NULL),('c2282a5b8:161690ab5b2:-7fba',1,'Client','ACCOMPLISHMENT OF OWRK',NULL,'Is he/she knowledgeable in his/her assigned task; not giving you a runaround on your trasaction; facilitative systematic assuring and decisive?',NULL);

/*Table structure for table `pmis_ipcr` */

DROP TABLE IF EXISTS `pmis_ipcr`;

CREATE TABLE `pmis_ipcr` (
  `objid` varchar(50) NOT NULL,
  `state` varchar(100) DEFAULT NULL,
  `period` varchar(10) DEFAULT NULL,
  `ipcrno` varchar(100) DEFAULT NULL,
  `employee_PersonId` varchar(100) NOT NULL,
  `employee_Name_LastName` varchar(200) NOT NULL,
  `employee_Name_FirstName` varchar(200) NOT NULL,
  `employee_Name_MiddleName` varchar(200) NOT NULL,
  `employee_Name_NameExtension` varchar(50) DEFAULT NULL,
  `employee_Name_PreNameTitle` varchar(50) DEFAULT NULL,
  `employee_Name_PostNameTitle` varchar(50) DEFAULT NULL,
  `orgid` varchar(100) NOT NULL,
  `org_name` varchar(200) NOT NULL,
  `org_code` varchar(50) DEFAULT NULL,
  `dtfiled` date NOT NULL,
  `reviewerid` varchar(100) DEFAULT NULL,
  `reviewer_Name_LastName` varchar(200) DEFAULT NULL,
  `reviewer_Name_FirstName` varchar(200) DEFAULT NULL,
  `reviewer_Name_MiddleName` varchar(50) DEFAULT NULL,
  `reviewer_Name_NameExtension` varchar(200) NOT NULL,
  `reviewer_Name_PreNameTitle` varchar(50) DEFAULT NULL,
  `reviewer_Name_PostNameTitle` varchar(50) DEFAULT NULL,
  `supervisorid` varchar(100) DEFAULT NULL,
  `supervisor_Name_LastName` varchar(200) NOT NULL,
  `supervisor_Name_FirstName` varchar(200) NOT NULL,
  `supervisor_Name_MiddleName` varchar(200) NOT NULL,
  `supervisor_Name_NameExtension` varchar(200) NOT NULL,
  `supervisor_Name_PreNameTitle` varchar(50) DEFAULT NULL,
  `supervisor_Name_PostNameTitle` varchar(50) DEFAULT NULL,
  `approverid` varchar(100) DEFAULT NULL,
  `approver_Name_LastName` varchar(200) NOT NULL,
  `approver_Name_FirstName` varchar(200) NOT NULL,
  `approver_Name_MiddleName` varchar(200) NOT NULL,
  `approver_Name_NameExtension` varchar(200) NOT NULL,
  `approver_Name_PreNameTitle` varchar(50) DEFAULT NULL,
  `approver_Name_PostNameTitle` varchar(50) DEFAULT NULL,
  `recordlog_datecreated` datetime NOT NULL,
  `recordlog_createdbyuserid` varchar(50) NOT NULL,
  `recordlog_createdbyuser` varchar(100) NOT NULL,
  `recordlog_dateoflastupdate` datetime NOT NULL,
  `recordlog_lastupdatedbyuserid` varchar(50) NOT NULL,
  `recordlog_lastupdatedbyuser` varchar(100) NOT NULL,
  PRIMARY KEY (`objid`)
) ENGINE=InnoDB DEFAULT CHARSET=utf8;

/*Data for the table `pmis_ipcr` */

insert  into `pmis_ipcr`(`objid`,`state`,`period`,`ipcrno`,`employee_PersonId`,`employee_Name_LastName`,`employee_Name_FirstName`,`employee_Name_MiddleName`,`employee_Name_NameExtension`,`employee_Name_PreNameTitle`,`employee_Name_PostNameTitle`,`orgid`,`org_name`,`org_code`,`dtfiled`,`reviewerid`,`reviewer_Name_LastName`,`reviewer_Name_FirstName`,`reviewer_Name_MiddleName`,`reviewer_Name_NameExtension`,`reviewer_Name_PreNameTitle`,`reviewer_Name_PostNameTitle`,`supervisorid`,`supervisor_Name_LastName`,`supervisor_Name_FirstName`,`supervisor_Name_MiddleName`,`supervisor_Name_NameExtension`,`supervisor_Name_PreNameTitle`,`supervisor_Name_PostNameTitle`,`approverid`,`approver_Name_LastName`,`approver_Name_FirstName`,`approver_Name_MiddleName`,`approver_Name_NameExtension`,`approver_Name_PreNameTitle`,`approver_Name_PostNameTitle`,`recordlog_datecreated`,`recordlog_createdbyuserid`,`recordlog_createdbyuser`,`recordlog_dateoflastupdate`,`recordlog_lastupdatedbyuserid`,`recordlog_lastupdatedbyuser`) values ('IP-33813998:16178989ca6:-785d','DRAFT','1st','PMIS20180200011','fb27fd74-e9ec-4454-ac01-21de81a5f795','AGUILAR','RUFINO JOHN','ECALDRE','','','','bacb54b6-912e-4167-bd9b-7b361e83a8e7','Prov\'l. Information & Comm. Technology Division','PICTD','2018-02-09','b4c41a96-c589-4450-85cc-59d37d2e99ee','ABAD','EDMELYN','PEREZ','','','','b4c41a96-c589-4450-85cc-59d37d2e99ee','ABAD','EDMELYN','PEREZ','','','','b4c41a96-c589-4450-85cc-59d37d2e99ee','ABAD','EDMELYN','PEREZ','','','','2018-02-09 15:32:34','USR-30f29625:14e19261370:-79e5','RUFINO JOHN AGUILAR','2018-02-09 15:32:34','USR-30f29625:14e19261370:-79e5','RUFINO JOHN AGUILAR');

/*Table structure for table `pmis_ipcr_behavioral` */

DROP TABLE IF EXISTS `pmis_ipcr_behavioral`;

CREATE TABLE `pmis_ipcr_behavioral` (
  `objid` varchar(200) NOT NULL,
  `ipcrid` varchar(200) NOT NULL,
  `type` varchar(50) DEFAULT NULL,
  `remarks` text,
  `ratername` varchar(100) DEFAULT NULL,
  `rateraddress` varchar(100) DEFAULT NULL,
  `ratercontactinfo` varchar(100) DEFAULT NULL,
  `ratingdate` datetime DEFAULT NULL,
  PRIMARY KEY (`objid`)
) ENGINE=InnoDB DEFAULT CHARSET=latin1;

/*Data for the table `pmis_ipcr_behavioral` */

insert  into `pmis_ipcr_behavioral`(`objid`,`ipcrid`,`type`,`remarks`,`ratername`,`rateraddress`,`ratercontactinfo`,`ratingdate`) values ('-33813998:16178989ca6:-785b','IP-33813998:16178989ca6:-785d','Client','sadf','sadf',NULL,'sadf','2018-02-09 00:00:00');

/*Table structure for table `pmis_ipcr_behavioral_items` */

DROP TABLE IF EXISTS `pmis_ipcr_behavioral_items`;

CREATE TABLE `pmis_ipcr_behavioral_items` (
  `objid` varchar(50) NOT NULL,
  `parentid` varchar(50) NOT NULL,
  `behavioralid` varchar(50) NOT NULL,
  `rating` int(10) DEFAULT NULL,
  `remarks` varchar(100) DEFAULT NULL,
  PRIMARY KEY (`objid`)
) ENGINE=InnoDB DEFAULT CHARSET=latin1;

/*Data for the table `pmis_ipcr_behavioral_items` */

insert  into `pmis_ipcr_behavioral_items`(`objid`,`parentid`,`behavioralid`,`rating`,`remarks`) values ('c2282a5b8:161690ab5b2:-7f8e','-33813998:16178989ca6:-785b','c2282a5b8:161690ab5b2:-7f8e',5,NULL),('c2282a5b8:161690ab5b2:-7f93','-33813998:16178989ca6:-785b','c2282a5b8:161690ab5b2:-7f93',5,NULL),('c2282a5b8:161690ab5b2:-7f9b','-33813998:16178989ca6:-785b','c2282a5b8:161690ab5b2:-7f9b',5,NULL),('c2282a5b8:161690ab5b2:-7fa0','-33813998:16178989ca6:-785b','c2282a5b8:161690ab5b2:-7fa0',5,NULL),('c2282a5b8:161690ab5b2:-7fba','-33813998:16178989ca6:-785b','c2282a5b8:161690ab5b2:-7fba',5,NULL);

/*Table structure for table `pmis_ipcr_items` */

DROP TABLE IF EXISTS `pmis_ipcr_items`;

CREATE TABLE `pmis_ipcr_items` (
  `objid` varchar(50) NOT NULL,
  `ipcrid` varchar(50) NOT NULL,
  `successindicatorid` varchar(50) NOT NULL,
  `qid` varchar(50) DEFAULT NULL,
  `eid` varchar(50) DEFAULT NULL,
  `tid` varchar(50) DEFAULT NULL,
  `remarks` text,
  PRIMARY KEY (`objid`),
  KEY `ipcrid` (`ipcrid`),
  KEY `successindicatorid` (`successindicatorid`),
  CONSTRAINT `pmis_ipcr_items_ibfk_1` FOREIGN KEY (`ipcrid`) REFERENCES `pmis_ipcr` (`objid`),
  CONSTRAINT `pmis_ipcr_items_ibfk_2` FOREIGN KEY (`successindicatorid`) REFERENCES `pmis_successindicators` (`objid`)
) ENGINE=InnoDB DEFAULT CHARSET=utf8;

/*Data for the table `pmis_ipcr_items` */

insert  into `pmis_ipcr_items`(`objid`,`ipcrid`,`successindicatorid`,`qid`,`eid`,`tid`,`remarks`) values ('IPD-33813998:16178989ca6:-785c','IP-33813998:16178989ca6:-785d','SI-38878507:1616875fbc5:-7109','QSI-5ca6e52b:1616874de39:-7e67','ESI-5ca6e52b:1616874de39:-7e5d',NULL,NULL);

/*Table structure for table `pmis_majorfinaloutputs` */

DROP TABLE IF EXISTS `pmis_majorfinaloutputs`;

CREATE TABLE `pmis_majorfinaloutputs` (
  `objid` varchar(50) NOT NULL,
  `state` varchar(100) NOT NULL,
  `code` varchar(100) NOT NULL,
  `name` varchar(300) NOT NULL,
  `description` text,
  `sortorder` int(11) NOT NULL,
  `spmsperiod` varchar(100) DEFAULT NULL,
  PRIMARY KEY (`objid`)
) ENGINE=InnoDB DEFAULT CHARSET=utf8;

/*Data for the table `pmis_majorfinaloutputs` */

insert  into `pmis_majorfinaloutputs`(`objid`,`state`,`code`,`name`,`description`,`sortorder`,`spmsperiod`) values ('9a554444-d674-11e7-bbe8-6c3be57ff6e7','DRAFT','HEALTH AND SOCIAL SERVICES','HEALTH AND SOCIAL SERVICES','HEALTH AND SOCIAL SERVICES',0,NULL),('9a610104-d674-11e7-bbe8-6c3be57ff6e7','DRAFT','PEACE AND ORDER','PEACE AND ORDER','PEACE AND ORDER',0,NULL),('9a8e80d3-d674-11e7-bbe8-6c3be57ff6e7','DRAFT','EDUCATION FOR ALL','EDUCATION FOR ALL','EDUCATION FOR ALL',0,NULL),('9a9f4e5b-d674-11e7-bbe8-6c3be57ff6e7','DRAFT','INSERT INTO PMIS_MAJORFINALOUTPUT ECONOMIC SERVICES THROUGH LIVELIHOOD OF FAMILIES','INSERT INTO PMIS_MAJORFINALOUTPUT ECONOMIC SERVICES THROUGH LIVELIHOOD OF FAMILIES','INSERT INTO PMIS_MAJORFINALOUTPUT ECONOMIC SERVICES THROUGH LIVELIHOOD OF FAMILIES',0,NULL),('9aacf21e-d674-11e7-bbe8-6c3be57ff6e7','DRAFT','INFRASTRUCTURE PROGRAM','INFRASTRUCTURE PROGRAM','INFRASTRUCTURE PROGRAM',0,NULL),('9ab67b7c-d674-11e7-bbe8-6c3be57ff6e7','DRAFT','INSERT INTO PMIS_MAJORFINALOUTPUT ENVIRONMENTAL PROTECTION AND NATURAL RESOURCES MANAGEMENT','INSERT INTO PMIS_MAJORFINALOUTPUT ENVIRONMENTAL PROTECTION AND NATURAL RESOURCES MANAGEMENT','INSERT INTO PMIS_MAJORFINALOUTPUT ENVIRONMENTAL PROTECTION AND NATURAL RESOURCES MANAGEMENT',0,NULL),('9abf3d94-d674-11e7-bbe8-6c3be57ff6e7','DRAFT','GENERAL ADMINISTRATION','GENERAL ADMINISTRATION','GENERAL ADMINISTRATION',0,NULL);

/*Table structure for table `pmis_orgsuccessindicators` */

DROP TABLE IF EXISTS `pmis_orgsuccessindicators`;

CREATE TABLE `pmis_orgsuccessindicators` (
  `objid` varbinary(50) NOT NULL,
  `orgid` varchar(50) NOT NULL,
  `successindicatorid` varchar(50) NOT NULL,
  PRIMARY KEY (`objid`)
) ENGINE=InnoDB DEFAULT CHARSET=utf8;

/*Data for the table `pmis_orgsuccessindicators` */

/*Table structure for table `pmis_performance_categorys` */

DROP TABLE IF EXISTS `pmis_performance_categorys`;

CREATE TABLE `pmis_performance_categorys` (
  `objid` varchar(50) NOT NULL,
  `code` varchar(100) NOT NULL,
  `name` varchar(100) NOT NULL,
  `description` varchar(100) DEFAULT NULL,
  `recordlog_datecreated` datetime NOT NULL,
  `recordlog_createdbyuserid` varchar(50) NOT NULL,
  `recordlog_createdbyuser` varchar(100) NOT NULL,
  `recordlog_dateoflastupdate` datetime NOT NULL,
  `recordlog_lastupdatedbyuserid` varchar(50) NOT NULL,
  `recordlog_lastupdatedbyuser` varchar(100) NOT NULL,
  PRIMARY KEY (`objid`)
) ENGINE=InnoDB DEFAULT CHARSET=utf8;

/*Data for the table `pmis_performance_categorys` */

insert  into `pmis_performance_categorys`(`objid`,`code`,`name`,`description`,`recordlog_datecreated`,`recordlog_createdbyuserid`,`recordlog_createdbyuser`,`recordlog_dateoflastupdate`,`recordlog_lastupdatedbyuserid`,`recordlog_lastupdatedbyuser`) values ('PC-248d7a51:16006d6b6e6:-7e11','TEST','TEST','test','2017-11-29 16:14:14','USR-30f29625:14e19261370:-79e5','RUFINO JOHN AGUILAR','2017-11-29 16:14:14','USR-30f29625:14e19261370:-79e5','RUFINO JOHN AGUILAR');

/*Table structure for table `pmis_ratings` */

DROP TABLE IF EXISTS `pmis_ratings`;

CREATE TABLE `pmis_ratings` (
  `objid` varchar(50) NOT NULL,
  `type` varchar(50) DEFAULT NULL,
  `state` varchar(50) DEFAULT NULL,
  `siid` varchar(50) DEFAULT NULL,
  `title` text,
  `rating` int(10) DEFAULT NULL,
  PRIMARY KEY (`objid`)
) ENGINE=InnoDB DEFAULT CHARSET=latin1;

/*Data for the table `pmis_ratings` */

insert  into `pmis_ratings`(`objid`,`type`,`state`,`siid`,`title`,`rating`) values ('ESI-1269f605:160d981c711:-7fd3','E','DRAFT','SI44e8b2ca:160d9827951:-7c2f',NULL,1),('ESI-1269f605:160d981c711:-7fd4','E','DRAFT','SI44e8b2ca:160d9827951:-7c2f',NULL,2),('ESI-1269f605:160d981c711:-7fd5','E','DRAFT','SI44e8b2ca:160d9827951:-7c2f',NULL,3),('ESI-1269f605:160d981c711:-7fd6','E','DRAFT','SI44e8b2ca:160d9827951:-7c2f',NULL,4),('ESI-1269f605:160d981c711:-7fd7','E','DRAFT','SI44e8b2ca:160d9827951:-7c2f',NULL,5),('ESI-37198108:1610c32578c:-7890','E','DRAFT','SI6e983775:1610c331ceb:-2125','WITHIN 6 MONTHS',1),('ESI-37198108:1610c32578c:-7891','E','DRAFT','SI6e983775:1610c331ceb:-2125','WITHIN 5 MONTHS',2),('ESI-37198108:1610c32578c:-7892','E','DRAFT','SI6e983775:1610c331ceb:-2125','WITHIN 4 MONTHS',3),('ESI-37198108:1610c32578c:-7893','E','DRAFT','SI6e983775:1610c331ceb:-2125','WITHIN 3 MONTHS',4),('ESI-37198108:1610c32578c:-7894','E','DRAFT','SI6e983775:1610c331ceb:-2125','WITHIN 2 MONTHS',5),('ESI-37198108:1610c32578c:-78a4','E','DRAFT','SI6e983775:1610c331ceb:-2144','WITHIN 6 MONTHS',1),('ESI-37198108:1610c32578c:-78a5','E','DRAFT','SI6e983775:1610c331ceb:-2144','WITHIN 5 MONTHS',2),('ESI-37198108:1610c32578c:-78a6','E','DRAFT','SI6e983775:1610c331ceb:-2144','WITHIN 4 MONTHS',3),('ESI-37198108:1610c32578c:-78a7','E','DRAFT','SI6e983775:1610c331ceb:-2144','WITHIN 3 MONTHS',4),('ESI-37198108:1610c32578c:-78a8','E','DRAFT','SI6e983775:1610c331ceb:-2144','WITHIN 2 WEEKS',5),('ESI-37198108:1610c32578c:-78bd','E','DRAFT','SI6e983775:1610c331ceb:-2161','WITHIN 6 MONTHS',1),('ESI-37198108:1610c32578c:-78be','E','DRAFT','SI6e983775:1610c331ceb:-2161','WITHIN 5 MONTHS',2),('ESI-37198108:1610c32578c:-78bf','E','DRAFT','SI6e983775:1610c331ceb:-2161','WITHIN 4 MONTHS',3),('ESI-37198108:1610c32578c:-78c0','E','DRAFT','SI6e983775:1610c331ceb:-2161','WITHIN 3 MONTHS',4),('ESI-37198108:1610c32578c:-78c1','E','DRAFT','SI6e983775:1610c331ceb:-2161','WITHIN 2 MONTHS',5),('ESI-37198108:1610c32578c:-78d1','E','DRAFT','SI6e983775:1610c331ceb:-217c',NULL,1),('ESI-37198108:1610c32578c:-78d2','E','DRAFT','SI6e983775:1610c331ceb:-217c','WITHIN 5 MONTHS',2),('ESI-37198108:1610c32578c:-78d3','E','DRAFT','SI6e983775:1610c331ceb:-217c','WITHIN 4 MONTHS',3),('ESI-37198108:1610c32578c:-78d4','E','DRAFT','SI6e983775:1610c331ceb:-217c','WITHIN 3 MONTHS',4),('ESI-37198108:1610c32578c:-78d5','E','DRAFT','SI6e983775:1610c331ceb:-217c','WITHIN 2 MONTHS',5),('ESI-37198108:1610c32578c:-78e7','E','DRAFT','SI6e983775:1610c331ceb:-2196','WITHIN 40 MINUTES',1),('ESI-37198108:1610c32578c:-78e8','E','DRAFT','SI6e983775:1610c331ceb:-2196','WITHIN 30 MINUTES',2),('ESI-37198108:1610c32578c:-78e9','E','DRAFT','SI6e983775:1610c331ceb:-2196','WITHIN 20 MINUTES',3),('ESI-37198108:1610c32578c:-78ea','E','DRAFT','SI6e983775:1610c331ceb:-2196','WITHIN 10 MINUTES',4),('ESI-37198108:1610c32578c:-78eb','E','DRAFT','SI6e983775:1610c331ceb:-2196','IMMEDIATELY',5),('ESI-5ca6e52b:1616874de39:-7dfe','E','DRAFT','SI-38878507:1616875fbc5:-708b','6 MONTHS',1),('ESI-5ca6e52b:1616874de39:-7dff','E','DRAFT','SI-38878507:1616875fbc5:-708b','5 MONTHS',2),('ESI-5ca6e52b:1616874de39:-7e00','E','DRAFT','SI-38878507:1616875fbc5:-708b','4 MONTHS',3),('ESI-5ca6e52b:1616874de39:-7e01','E','DRAFT','SI-38878507:1616875fbc5:-708b','3 MONTHS',4),('ESI-5ca6e52b:1616874de39:-7e02','E','DRAFT','SI-38878507:1616875fbc5:-708b','2 MONTHS',5),('ESI-5ca6e52b:1616874de39:-7e14','E','DRAFT','SI-38878507:1616875fbc5:-70ae','30 MINUTES',1),('ESI-5ca6e52b:1616874de39:-7e15','E','DRAFT','SI-38878507:1616875fbc5:-70ae','20 MINUTES',2),('ESI-5ca6e52b:1616874de39:-7e16','E','DRAFT','SI-38878507:1616875fbc5:-70ae','15 MINUTES',3),('ESI-5ca6e52b:1616874de39:-7e17','E','DRAFT','SI-38878507:1616875fbc5:-70ae','10 MINUTES',4),('ESI-5ca6e52b:1616874de39:-7e18','E','DRAFT','SI-38878507:1616875fbc5:-70ae','5 MINUTES',5),('ESI-5ca6e52b:1616874de39:-7e28','E','DRAFT','SI-38878507:1616875fbc5:-70cf','30 MINUTES',1),('ESI-5ca6e52b:1616874de39:-7e29','E','DRAFT','SI-38878507:1616875fbc5:-70cf','20 MINUTES',2),('ESI-5ca6e52b:1616874de39:-7e2a','E','DRAFT','SI-38878507:1616875fbc5:-70cf','15 MINUTES',3),('ESI-5ca6e52b:1616874de39:-7e2b','E','DRAFT','SI-38878507:1616875fbc5:-70cf','10 MINUTES',4),('ESI-5ca6e52b:1616874de39:-7e2c','E','DRAFT','SI-38878507:1616875fbc5:-70cf','5 MINUTES',5),('ESI-5ca6e52b:1616874de39:-7e3f','E','DRAFT','SI-38878507:1616875fbc5:-70ee','10 DAYS',1),('ESI-5ca6e52b:1616874de39:-7e40','E','DRAFT','SI-38878507:1616875fbc5:-70ee','8 DAYS',2),('ESI-5ca6e52b:1616874de39:-7e41','E','DRAFT','SI-38878507:1616875fbc5:-70ee','5 DAYS',3),('ESI-5ca6e52b:1616874de39:-7e42','E','DRAFT','SI-38878507:1616875fbc5:-70ee','3 DAYS',4),('ESI-5ca6e52b:1616874de39:-7e43','E','DRAFT','SI-38878507:1616875fbc5:-70ee','1 DAY',5),('ESI-5ca6e52b:1616874de39:-7e5a','E','DRAFT','SI-38878507:1616875fbc5:-7109','30 MINUTES',1),('ESI-5ca6e52b:1616874de39:-7e5b','E','DRAFT','SI-38878507:1616875fbc5:-7109','20 MINUTES',2),('ESI-5ca6e52b:1616874de39:-7e5c','E','DRAFT','SI-38878507:1616875fbc5:-7109','15 MINUTES',3),('ESI-5ca6e52b:1616874de39:-7e5d','E','DRAFT','SI-38878507:1616875fbc5:-7109','10 MINUTES',4),('ESI-5ca6e52b:1616874de39:-7e5e','E','DRAFT','SI-38878507:1616875fbc5:-7109','IMMEDIATELY',5),('ESI-5ca6e52b:1616874de39:-7f2c','E','DRAFT','SI-38878507:1616875fbc5:-786d','80% FUNCTIONAL 24/5',1),('ESI-5ca6e52b:1616874de39:-7f2d','E','DRAFT','SI-38878507:1616875fbc5:-786d','85% FUNCTIONAL 24/5',2),('ESI-5ca6e52b:1616874de39:-7f2e','E','DRAFT','SI-38878507:1616875fbc5:-786d','90% FUNCTIONAL 24/5',3),('ESI-5ca6e52b:1616874de39:-7f2f','E','DRAFT','SI-38878507:1616875fbc5:-786d','95% FUNCTIONAL 24/5',4),('ESI-5ca6e52b:1616874de39:-7f30','E','DRAFT','SI-38878507:1616875fbc5:-786d','ALL FUNCTIONAL 24/5',5),('ESI-5ca6e52b:1616874de39:-7f48','E','DRAFT','SI-38878507:1616875fbc5:-788c','80% RUNNING 24/5',1),('ESI-5ca6e52b:1616874de39:-7f49','E','DRAFT','SI-38878507:1616875fbc5:-788c','85% RUNNING 24/5',2),('ESI-5ca6e52b:1616874de39:-7f4a','E','DRAFT','SI-38878507:1616875fbc5:-788c','90% RUNNING 24/5',3),('ESI-5ca6e52b:1616874de39:-7f4b','E','DRAFT','SI-38878507:1616875fbc5:-788c','95% RUNNING 24/5',4),('ESI-5ca6e52b:1616874de39:-7f4c','E','DRAFT','SI-38878507:1616875fbc5:-788c','ALL RUNNING 24/5',5),('ESI-5ca6e52b:1616874de39:-7f81','E','DRAFT','SI-38878507:1616875fbc5:-7a64',NULL,1),('ESI-5ca6e52b:1616874de39:-7f82','E','DRAFT','SI-38878507:1616875fbc5:-7a64',NULL,2),('ESI-5ca6e52b:1616874de39:-7f83','E','DRAFT','SI-38878507:1616875fbc5:-7a64',NULL,3),('ESI-5ca6e52b:1616874de39:-7f84','E','DRAFT','SI-38878507:1616875fbc5:-7a64',NULL,4),('ESI-5ca6e52b:1616874de39:-7f85','E','DRAFT','SI-38878507:1616875fbc5:-7a64',NULL,5),('ESI-5ca6e52b:1616874de39:-7fa2','E','DRAFT','SI-38878507:1616875fbc5:-7b38','WITHIN 6 WEEKS',1),('ESI-5ca6e52b:1616874de39:-7fa3','E','DRAFT','SI-38878507:1616875fbc5:-7b38','WITHIN 5 WEEKS',2),('ESI-5ca6e52b:1616874de39:-7fa4','E','DRAFT','SI-38878507:1616875fbc5:-7b38','WITHIN 4 WEEKS',3),('ESI-5ca6e52b:1616874de39:-7fa5','E','DRAFT','SI-38878507:1616875fbc5:-7b38','WITHIN 3 WEEKS',4),('ESI-5ca6e52b:1616874de39:-7fa6','E','DRAFT','SI-38878507:1616875fbc5:-7b38','WITHIN 2 WEEKS',5),('ESI-5ca6e52b:1616874de39:-7fbd','E','DRAFT','SI-38878507:1616875fbc5:-7ca6','WITHIN 4 MONTHS',1),('ESI-5ca6e52b:1616874de39:-7fbe','E','DRAFT','SI-38878507:1616875fbc5:-7ca6','WITHIN 3 MONTHS',2),('ESI-5ca6e52b:1616874de39:-7fbf','E','DRAFT','SI-38878507:1616875fbc5:-7ca6','WITHIN 2 MONTHS',3),('ESI-5ca6e52b:1616874de39:-7fc0','E','DRAFT','SI-38878507:1616875fbc5:-7ca6','WITHIN 1 MONTH',4),('ESI-5ca6e52b:1616874de39:-7fc1','E','DRAFT','SI-38878507:1616875fbc5:-7ca6','WITHIN 2 WEEKS',5),('QSI-37198108:1610c32578c:-789a','Q','DRAFT','SI6e983775:1610c331ceb:-2125','WITH MORE THAN 60 ERRORS',1),('QSI-37198108:1610c32578c:-789b','Q','DRAFT','SI6e983775:1610c331ceb:-2125','WITH ESS THAN 60 ERRORS',2),('QSI-37198108:1610c32578c:-789c','Q','DRAFT','SI6e983775:1610c331ceb:-2125','WITH LESS THAN 40 ERRORS',3),('QSI-37198108:1610c32578c:-789d','Q','DRAFT','SI6e983775:1610c331ceb:-2125','WITH LESS THAN 30 ERRORS',4),('QSI-37198108:1610c32578c:-789e','Q','DRAFT','SI6e983775:1610c331ceb:-2125','NO ERRORS',5),('QSI-37198108:1610c32578c:-78ae','Q','DRAFT','SI6e983775:1610c331ceb:-2144','WITH MORE THAN 30 BUGS',1),('QSI-37198108:1610c32578c:-78af','Q','DRAFT','SI6e983775:1610c331ceb:-2144','WITH LESS THAN 30 BUGS',2),('QSI-37198108:1610c32578c:-78b0','Q','DRAFT','SI6e983775:1610c331ceb:-2144','WITH LESS THAN 20 BUGS',3),('QSI-37198108:1610c32578c:-78b1','Q','DRAFT','SI6e983775:1610c331ceb:-2144','WITH LESS THAN 10 BUGS',4),('QSI-37198108:1610c32578c:-78b2','Q','DRAFT','SI6e983775:1610c331ceb:-2144','NO BUGS',5),('QSI-37198108:1610c32578c:-78c7','Q','DRAFT','SI6e983775:1610c331ceb:-2161','WITH MORE THAN 60',1),('QSI-37198108:1610c32578c:-78c8','Q','DRAFT','SI6e983775:1610c331ceb:-2161','WITH LESS THAN 60',2),('QSI-37198108:1610c32578c:-78c9','Q','DRAFT','SI6e983775:1610c331ceb:-2161','WITH LESS THAN 40',3),('QSI-37198108:1610c32578c:-78ca','Q','DRAFT','SI6e983775:1610c331ceb:-2161','WITH LESS THAN 30',4),('QSI-37198108:1610c32578c:-78cb','Q','DRAFT','SI6e983775:1610c331ceb:-2161','WITH NO ERRORS',5),('QSI-37198108:1610c32578c:-78db','Q','DRAFT','SI6e983775:1610c331ceb:-217c','WITH MORE THAN 60 BUGS',1),('QSI-37198108:1610c32578c:-78dc','Q','DRAFT','SI6e983775:1610c331ceb:-217c','WITH LESS THAN 60 BUGS',2),('QSI-37198108:1610c32578c:-78dd','Q','DRAFT','SI6e983775:1610c331ceb:-217c','WITH LESS THAN 40 BUGS',3),('QSI-37198108:1610c32578c:-78de','Q','DRAFT','SI6e983775:1610c331ceb:-217c','WITH LESS THAN 30 BUGS',4),('QSI-37198108:1610c32578c:-78df','Q','DRAFT','SI6e983775:1610c331ceb:-217c','NO ERRORS',5),('QSI-37198108:1610c32578c:-78f1','Q','DRAFT','SI6e983775:1610c331ceb:-2196','MORE THAN 6 ERRORS',1),('QSI-37198108:1610c32578c:-78f2','Q','DRAFT','SI6e983775:1610c331ceb:-2196','LESS THAN 6 ERRORS',2),('QSI-37198108:1610c32578c:-78f3','Q','DRAFT','SI6e983775:1610c331ceb:-2196','LESS THAN 4 ERRORS',3),('QSI-37198108:1610c32578c:-78f4','Q','DRAFT','SI6e983775:1610c331ceb:-2196','LESS THAN 3 ERRORS',4),('QSI-37198108:1610c32578c:-78f5','Q','DRAFT','SI6e983775:1610c331ceb:-2196','NO ERRORS',5),('QSI-5ca6e52b:1616874de39:-7e08','Q','DRAFT','SI-38878507:1616875fbc5:-708b','10 ERRORS',1),('QSI-5ca6e52b:1616874de39:-7e09','Q','DRAFT','SI-38878507:1616875fbc5:-708b','7 ERRORS',2),('QSI-5ca6e52b:1616874de39:-7e0a','Q','DRAFT','SI-38878507:1616875fbc5:-708b','5 ERRORS',3),('QSI-5ca6e52b:1616874de39:-7e0b','Q','DRAFT','SI-38878507:1616875fbc5:-708b','3 ERRORS',4),('QSI-5ca6e52b:1616874de39:-7e0c','Q','DRAFT','SI-38878507:1616875fbc5:-708b','NO ERRORS',5),('QSI-5ca6e52b:1616874de39:-7e1e','Q','DRAFT','SI-38878507:1616875fbc5:-70ae','WITH ERRORS',1),('QSI-5ca6e52b:1616874de39:-7e1f','Q','DRAFT','SI-38878507:1616875fbc5:-70ae',NULL,2),('QSI-5ca6e52b:1616874de39:-7e20','Q','DRAFT','SI-38878507:1616875fbc5:-70ae',NULL,3),('QSI-5ca6e52b:1616874de39:-7e21','Q','DRAFT','SI-38878507:1616875fbc5:-70ae',NULL,4),('QSI-5ca6e52b:1616874de39:-7e22','Q','DRAFT','SI-38878507:1616875fbc5:-70ae','NO ERRORS',5),('QSI-5ca6e52b:1616874de39:-7e32','Q','DRAFT','SI-38878507:1616875fbc5:-70cf','WITH ERRORS',1),('QSI-5ca6e52b:1616874de39:-7e33','Q','DRAFT','SI-38878507:1616875fbc5:-70cf',NULL,2),('QSI-5ca6e52b:1616874de39:-7e34','Q','DRAFT','SI-38878507:1616875fbc5:-70cf',NULL,3),('QSI-5ca6e52b:1616874de39:-7e35','Q','DRAFT','SI-38878507:1616875fbc5:-70cf',NULL,4),('QSI-5ca6e52b:1616874de39:-7e36','Q','DRAFT','SI-38878507:1616875fbc5:-70cf','NO ERRORS',5),('QSI-5ca6e52b:1616874de39:-7e49','Q','DRAFT','SI-38878507:1616875fbc5:-70ee','POOR',1),('QSI-5ca6e52b:1616874de39:-7e4a','Q','DRAFT','SI-38878507:1616875fbc5:-70ee','UNSATISFACTORY',2),('QSI-5ca6e52b:1616874de39:-7e4b','Q','DRAFT','SI-38878507:1616875fbc5:-70ee','SATISFACTORY',3),('QSI-5ca6e52b:1616874de39:-7e4c','Q','DRAFT','SI-38878507:1616875fbc5:-70ee','VERY SATISFACTORY',4),('QSI-5ca6e52b:1616874de39:-7e4d','Q','DRAFT','SI-38878507:1616875fbc5:-70ee','OUTSTANDING',5),('QSI-5ca6e52b:1616874de39:-7e64','Q','DRAFT','SI-38878507:1616875fbc5:-7109','POOR',1),('QSI-5ca6e52b:1616874de39:-7e65','Q','DRAFT','SI-38878507:1616875fbc5:-7109','UNSATISFACTORY',2),('QSI-5ca6e52b:1616874de39:-7e66','Q','DRAFT','SI-38878507:1616875fbc5:-7109','SATISFACTORY',3),('QSI-5ca6e52b:1616874de39:-7e67','Q','DRAFT','SI-38878507:1616875fbc5:-7109','VERY SATISFACTORY',4),('QSI-5ca6e52b:1616874de39:-7e68','Q','DRAFT','SI-38878507:1616875fbc5:-7109','OUTSTANDING',5),('QSI-5ca6e52b:1616874de39:-7f36','Q','DRAFT','SI-38878507:1616875fbc5:-786d','MORE THAN 60 CLIENT COMPLAINS',1),('QSI-5ca6e52b:1616874de39:-7f37','Q','DRAFT','SI-38878507:1616875fbc5:-786d','50 CLIENT COMPLAINS',2),('QSI-5ca6e52b:1616874de39:-7f38','Q','DRAFT','SI-38878507:1616875fbc5:-786d','40 CLIENT COMPLAINS',3),('QSI-5ca6e52b:1616874de39:-7f39','Q','DRAFT','SI-38878507:1616875fbc5:-786d','30 CLIENT COMPLAINS',4),('QSI-5ca6e52b:1616874de39:-7f3a','Q','DRAFT','SI-38878507:1616875fbc5:-786d','20 CLIENT COMPLAINS',5),('QSI-5ca6e52b:1616874de39:-7f52','Q','DRAFT','SI-38878507:1616875fbc5:-788c','MORE THAN 60 CLIENT COMPLAINS',1),('QSI-5ca6e52b:1616874de39:-7f53','Q','DRAFT','SI-38878507:1616875fbc5:-788c','50 CLIENT COMPLAINS',2),('QSI-5ca6e52b:1616874de39:-7f54','Q','DRAFT','SI-38878507:1616875fbc5:-788c','40 CLIENT COMPLAINS',3),('QSI-5ca6e52b:1616874de39:-7f55','Q','DRAFT','SI-38878507:1616875fbc5:-788c','30 CLIENT COMPLAINS',4),('QSI-5ca6e52b:1616874de39:-7f56','Q','DRAFT','SI-38878507:1616875fbc5:-788c','20 CLIENT COMPLAINS',5),('QSI-5ca6e52b:1616874de39:-7f8b','Q','DRAFT','SI-38878507:1616875fbc5:-7a64','POOR',1),('QSI-5ca6e52b:1616874de39:-7f8c','Q','DRAFT','SI-38878507:1616875fbc5:-7a64','UNSATISFACTORY',2),('QSI-5ca6e52b:1616874de39:-7f8d','Q','DRAFT','SI-38878507:1616875fbc5:-7a64','SATISFACTORY',3),('QSI-5ca6e52b:1616874de39:-7f8e','Q','DRAFT','SI-38878507:1616875fbc5:-7a64','VERY SATISFACTORY',4),('QSI-5ca6e52b:1616874de39:-7f8f','Q','DRAFT','SI-38878507:1616875fbc5:-7a64','OUTSTANDING',5),('QSI-5ca6e52b:1616874de39:-7fac','Q','DRAFT','SI-38878507:1616875fbc5:-7b38','POOR',1),('QSI-5ca6e52b:1616874de39:-7fad','Q','DRAFT','SI-38878507:1616875fbc5:-7b38','UNSATISFACTORY',2),('QSI-5ca6e52b:1616874de39:-7fae','Q','DRAFT','SI-38878507:1616875fbc5:-7b38','SATISFACTORY',3),('QSI-5ca6e52b:1616874de39:-7faf','Q','DRAFT','SI-38878507:1616875fbc5:-7b38','VERY SATISFACTORY',4),('QSI-5ca6e52b:1616874de39:-7fb0','Q','DRAFT','SI-38878507:1616875fbc5:-7b38','EXELLENT',5),('QSI-5ca6e52b:1616874de39:-7fc7','Q','DRAFT','SI-38878507:1616875fbc5:-7ca6','WITH MORE THAN 60 BUGS',1),('QSI-5ca6e52b:1616874de39:-7fc8','Q','DRAFT','SI-38878507:1616875fbc5:-7ca6','WITH LESS THAN 60 BUGS',2),('QSI-5ca6e52b:1616874de39:-7fc9','Q','DRAFT','SI-38878507:1616875fbc5:-7ca6','WITH LESS THAN 40 BUGSV',3),('QSI-5ca6e52b:1616874de39:-7fca','Q','DRAFT','SI-38878507:1616875fbc5:-7ca6','WITH LESS THAN 30 BUGS',4),('QSI-5ca6e52b:1616874de39:-7fcb','Q','DRAFT','SI-38878507:1616875fbc5:-7ca6','NO ERRORS',5),('TSI-1269f605:160d981c711:-7fd8','T','DRAFT','SI44e8b2ca:160d9827951:-7c2f',NULL,1),('TSI-1269f605:160d981c711:-7fd9','T','DRAFT','SI44e8b2ca:160d9827951:-7c2f',NULL,2),('TSI-1269f605:160d981c711:-7fda','T','DRAFT','SI44e8b2ca:160d9827951:-7c2f',NULL,3),('TSI-1269f605:160d981c711:-7fdb','T','DRAFT','SI44e8b2ca:160d9827951:-7c2f',NULL,4),('TSI-1269f605:160d981c711:-7fdc','T','DRAFT','SI44e8b2ca:160d9827951:-7c2f',NULL,5),('TSI-37198108:1610c32578c:-7895','T','DRAFT','SI6e983775:1610c331ceb:-2125',NULL,1),('TSI-37198108:1610c32578c:-7896','T','DRAFT','SI6e983775:1610c331ceb:-2125',NULL,2),('TSI-37198108:1610c32578c:-7897','T','DRAFT','SI6e983775:1610c331ceb:-2125',NULL,3),('TSI-37198108:1610c32578c:-7898','T','DRAFT','SI6e983775:1610c331ceb:-2125',NULL,4),('TSI-37198108:1610c32578c:-7899','T','DRAFT','SI6e983775:1610c331ceb:-2125',NULL,5),('TSI-37198108:1610c32578c:-78a9','T','DRAFT','SI6e983775:1610c331ceb:-2144',NULL,1),('TSI-37198108:1610c32578c:-78aa','T','DRAFT','SI6e983775:1610c331ceb:-2144',NULL,2),('TSI-37198108:1610c32578c:-78ab','T','DRAFT','SI6e983775:1610c331ceb:-2144',NULL,3),('TSI-37198108:1610c32578c:-78ac','T','DRAFT','SI6e983775:1610c331ceb:-2144',NULL,4),('TSI-37198108:1610c32578c:-78ad','T','DRAFT','SI6e983775:1610c331ceb:-2144',NULL,5),('TSI-37198108:1610c32578c:-78c2','T','DRAFT','SI6e983775:1610c331ceb:-2161',NULL,1),('TSI-37198108:1610c32578c:-78c3','T','DRAFT','SI6e983775:1610c331ceb:-2161',NULL,2),('TSI-37198108:1610c32578c:-78c4','T','DRAFT','SI6e983775:1610c331ceb:-2161',NULL,3),('TSI-37198108:1610c32578c:-78c5','T','DRAFT','SI6e983775:1610c331ceb:-2161',NULL,4),('TSI-37198108:1610c32578c:-78c6','T','DRAFT','SI6e983775:1610c331ceb:-2161',NULL,5),('TSI-37198108:1610c32578c:-78d6','T','DRAFT','SI6e983775:1610c331ceb:-217c',NULL,1),('TSI-37198108:1610c32578c:-78d7','T','DRAFT','SI6e983775:1610c331ceb:-217c',NULL,2),('TSI-37198108:1610c32578c:-78d8','T','DRAFT','SI6e983775:1610c331ceb:-217c',NULL,3),('TSI-37198108:1610c32578c:-78d9','T','DRAFT','SI6e983775:1610c331ceb:-217c',NULL,4),('TSI-37198108:1610c32578c:-78da','T','DRAFT','SI6e983775:1610c331ceb:-217c',NULL,5),('TSI-37198108:1610c32578c:-78ec','T','DRAFT','SI6e983775:1610c331ceb:-2196',NULL,1),('TSI-37198108:1610c32578c:-78ed','T','DRAFT','SI6e983775:1610c331ceb:-2196',NULL,2),('TSI-37198108:1610c32578c:-78ee','T','DRAFT','SI6e983775:1610c331ceb:-2196',NULL,3),('TSI-37198108:1610c32578c:-78ef','T','DRAFT','SI6e983775:1610c331ceb:-2196',NULL,4),('TSI-37198108:1610c32578c:-78f0','T','DRAFT','SI6e983775:1610c331ceb:-2196',NULL,5),('TSI-5ca6e52b:1616874de39:-7e03','T','DRAFT','SI-38878507:1616875fbc5:-708b',NULL,1),('TSI-5ca6e52b:1616874de39:-7e04','T','DRAFT','SI-38878507:1616875fbc5:-708b',NULL,2),('TSI-5ca6e52b:1616874de39:-7e05','T','DRAFT','SI-38878507:1616875fbc5:-708b',NULL,3),('TSI-5ca6e52b:1616874de39:-7e06','T','DRAFT','SI-38878507:1616875fbc5:-708b',NULL,4),('TSI-5ca6e52b:1616874de39:-7e07','T','DRAFT','SI-38878507:1616875fbc5:-708b',NULL,5),('TSI-5ca6e52b:1616874de39:-7e19','T','DRAFT','SI-38878507:1616875fbc5:-70ae',NULL,1),('TSI-5ca6e52b:1616874de39:-7e1a','T','DRAFT','SI-38878507:1616875fbc5:-70ae',NULL,2),('TSI-5ca6e52b:1616874de39:-7e1b','T','DRAFT','SI-38878507:1616875fbc5:-70ae',NULL,3),('TSI-5ca6e52b:1616874de39:-7e1c','T','DRAFT','SI-38878507:1616875fbc5:-70ae',NULL,4),('TSI-5ca6e52b:1616874de39:-7e1d','T','DRAFT','SI-38878507:1616875fbc5:-70ae',NULL,5),('TSI-5ca6e52b:1616874de39:-7e2d','T','DRAFT','SI-38878507:1616875fbc5:-70cf',NULL,1),('TSI-5ca6e52b:1616874de39:-7e2e','T','DRAFT','SI-38878507:1616875fbc5:-70cf',NULL,2),('TSI-5ca6e52b:1616874de39:-7e2f','T','DRAFT','SI-38878507:1616875fbc5:-70cf',NULL,3),('TSI-5ca6e52b:1616874de39:-7e30','T','DRAFT','SI-38878507:1616875fbc5:-70cf',NULL,4),('TSI-5ca6e52b:1616874de39:-7e31','T','DRAFT','SI-38878507:1616875fbc5:-70cf',NULL,5),('TSI-5ca6e52b:1616874de39:-7e44','T','DRAFT','SI-38878507:1616875fbc5:-70ee',NULL,1),('TSI-5ca6e52b:1616874de39:-7e45','T','DRAFT','SI-38878507:1616875fbc5:-70ee',NULL,2),('TSI-5ca6e52b:1616874de39:-7e46','T','DRAFT','SI-38878507:1616875fbc5:-70ee',NULL,3),('TSI-5ca6e52b:1616874de39:-7e47','T','DRAFT','SI-38878507:1616875fbc5:-70ee',NULL,4),('TSI-5ca6e52b:1616874de39:-7e48','T','DRAFT','SI-38878507:1616875fbc5:-70ee',NULL,5),('TSI-5ca6e52b:1616874de39:-7e5f','T','DRAFT','SI-38878507:1616875fbc5:-7109',NULL,1),('TSI-5ca6e52b:1616874de39:-7e60','T','DRAFT','SI-38878507:1616875fbc5:-7109',NULL,2),('TSI-5ca6e52b:1616874de39:-7e61','T','DRAFT','SI-38878507:1616875fbc5:-7109',NULL,3),('TSI-5ca6e52b:1616874de39:-7e62','T','DRAFT','SI-38878507:1616875fbc5:-7109',NULL,4),('TSI-5ca6e52b:1616874de39:-7e63','T','DRAFT','SI-38878507:1616875fbc5:-7109',NULL,5),('TSI-5ca6e52b:1616874de39:-7f31','T','DRAFT','SI-38878507:1616875fbc5:-786d',NULL,1),('TSI-5ca6e52b:1616874de39:-7f32','T','DRAFT','SI-38878507:1616875fbc5:-786d',NULL,2),('TSI-5ca6e52b:1616874de39:-7f33','T','DRAFT','SI-38878507:1616875fbc5:-786d',NULL,3),('TSI-5ca6e52b:1616874de39:-7f34','T','DRAFT','SI-38878507:1616875fbc5:-786d',NULL,4),('TSI-5ca6e52b:1616874de39:-7f35','T','DRAFT','SI-38878507:1616875fbc5:-786d',NULL,5),('TSI-5ca6e52b:1616874de39:-7f4d','T','DRAFT','SI-38878507:1616875fbc5:-788c',NULL,1),('TSI-5ca6e52b:1616874de39:-7f4e','T','DRAFT','SI-38878507:1616875fbc5:-788c',NULL,2),('TSI-5ca6e52b:1616874de39:-7f4f','T','DRAFT','SI-38878507:1616875fbc5:-788c',NULL,3),('TSI-5ca6e52b:1616874de39:-7f50','T','DRAFT','SI-38878507:1616875fbc5:-788c',NULL,4),('TSI-5ca6e52b:1616874de39:-7f51','T','DRAFT','SI-38878507:1616875fbc5:-788c',NULL,5),('TSI-5ca6e52b:1616874de39:-7f86','T','DRAFT','SI-38878507:1616875fbc5:-7a64',NULL,1),('TSI-5ca6e52b:1616874de39:-7f87','T','DRAFT','SI-38878507:1616875fbc5:-7a64',NULL,2),('TSI-5ca6e52b:1616874de39:-7f88','T','DRAFT','SI-38878507:1616875fbc5:-7a64',NULL,3),('TSI-5ca6e52b:1616874de39:-7f89','T','DRAFT','SI-38878507:1616875fbc5:-7a64',NULL,4),('TSI-5ca6e52b:1616874de39:-7f8a','T','DRAFT','SI-38878507:1616875fbc5:-7a64',NULL,5),('TSI-5ca6e52b:1616874de39:-7fa7','T','DRAFT','SI-38878507:1616875fbc5:-7b38',NULL,1),('TSI-5ca6e52b:1616874de39:-7fa8','T','DRAFT','SI-38878507:1616875fbc5:-7b38',NULL,2),('TSI-5ca6e52b:1616874de39:-7fa9','T','DRAFT','SI-38878507:1616875fbc5:-7b38',NULL,3),('TSI-5ca6e52b:1616874de39:-7faa','T','DRAFT','SI-38878507:1616875fbc5:-7b38',NULL,4),('TSI-5ca6e52b:1616874de39:-7fab','T','DRAFT','SI-38878507:1616875fbc5:-7b38',NULL,5),('TSI-5ca6e52b:1616874de39:-7fc2','T','DRAFT','SI-38878507:1616875fbc5:-7ca6',NULL,1),('TSI-5ca6e52b:1616874de39:-7fc3','T','DRAFT','SI-38878507:1616875fbc5:-7ca6',NULL,2),('TSI-5ca6e52b:1616874de39:-7fc4','T','DRAFT','SI-38878507:1616875fbc5:-7ca6',NULL,3),('TSI-5ca6e52b:1616874de39:-7fc5','T','DRAFT','SI-38878507:1616875fbc5:-7ca6',NULL,4),('TSI-5ca6e52b:1616874de39:-7fc6','T','DRAFT','SI-38878507:1616875fbc5:-7ca6',NULL,5);

/*Table structure for table `pmis_spms_periods` */

DROP TABLE IF EXISTS `pmis_spms_periods`;

CREATE TABLE `pmis_spms_periods` (
  `objid` varchar(50) NOT NULL,
  `year` varchar(100) NOT NULL,
  `remarks` text,
  PRIMARY KEY (`objid`)
) ENGINE=InnoDB DEFAULT CHARSET=utf8;

/*Data for the table `pmis_spms_periods` */

insert  into `pmis_spms_periods`(`objid`,`year`,`remarks`) values ('PSP2e953c1a:1601130851a:-7e11','2017','test	');

/*Table structure for table `pmis_successindicators` */

DROP TABLE IF EXISTS `pmis_successindicators`;

CREATE TABLE `pmis_successindicators` (
  `objid` varchar(50) NOT NULL,
  `state` varchar(100) NOT NULL,
  `title` text NOT NULL,
  `code` varchar(100) DEFAULT NULL,
  `allotedbudget` decimal(10,2) DEFAULT NULL,
  `actualaccomplishment` text,
  `remarks` text,
  `parentid` varchar(50) DEFAULT NULL,
  `type` varchar(50) NOT NULL,
  `lft` int(11) NOT NULL,
  `rgt` int(11) NOT NULL,
  PRIMARY KEY (`objid`)
) ENGINE=InnoDB DEFAULT CHARSET=utf8;

/*Data for the table `pmis_successindicators` */

insert  into `pmis_successindicators`(`objid`,`state`,`title`,`code`,`allotedbudget`,`actualaccomplishment`,`remarks`,`parentid`,`type`,`lft`,`rgt`) values ('ROOT','SYSTEM','ROOT','ROOT',NULL,NULL,NULL,NULL,'root',1,240),('SI-38878507:1616875fbc5:-708b','DRAFT','WEBMAP DEVELOPMENT WITHIN 6 MONTHS','E.',NULL,NULL,NULL,'SI6e983775:1610c331ceb:-2aff','ip',16,17),('SI-38878507:1616875fbc5:-70ae','DRAFT','DISSEMINATED/ROUTED OFFICIAL DOCUMENTS TO CONCERNED OFFICE/EMPLOYEES','D.',NULL,NULL,NULL,'SI6e983775:1610c331ceb:-2aff','ip',18,19),('SI-38878507:1616875fbc5:-70cf','DRAFT','DOCUMENTS RECORDED AND ROUTED TO CONCERNED OFFICE/OFFICIAL WITHIN 15 MINTES UPON RECEIPT','C.',NULL,NULL,NULL,'SI6e983775:1610c331ceb:-2aff','ip',20,21),('SI-38878507:1616875fbc5:-70ee','DRAFT','PROVIDED HARDWARE SUPPORT FOR VARIOUS HOSPITAL','B.',NULL,NULL,NULL,'SI6e983775:1610c331ceb:-2aff','ip',22,23),('SI-38878507:1616875fbc5:-7109','DRAFT','QUERIES/REQUEST FOR TECH./NON-TECH. ASSISTANCE ACTED/FACILITATED WITHIN 15 MINUTES UPON REQUEST. (RJEA,DPCR,STE,DRGD,MPB,ABH,JBM,JAP,DBT)','A.',NULL,NULL,NULL,'SI6e983775:1610c331ceb:-2aff','ip',24,25),('SI-38878507:1616875fbc5:-786d','DRAFT','ALL INSTALLED ICT RELATED HARDWARE (BIOMETRICS,CCVT,NETWORK PERIPHERALS, ETC.) ARE FUNCTIONAL 24/5 (RJEA , DPRC,ABH,JBM,JAP)','C.',NULL,NULL,NULL,'SI6e983775:1610c331ceb:-2b8e','ip',44,45),('SI-38878507:1616875fbc5:-788c','DRAFT','EXISTING INFORMATION SYSTEM ARE RUNNING 24/5 (RJEA,DPRC,ABH,JBM,JAP,DBT)','B.',NULL,NULL,NULL,'SI6e983775:1610c331ceb:-2b8e','ip',46,47),('SI-38878507:1616875fbc5:-7a64','DRAFT','REQUEST FOR HARDWARE REPAIR & TROUBLESHOOTING ACTED UPON 2 DAYS UPON RECEIPT OF REQUEST','A.',NULL,NULL,NULL,'SI6e983775:1610c331ceb:-2b8e','ip',48,49),('SI-38878507:1616875fbc5:-7b38','DRAFT','USERS TRAINING IS CONDUCTED FOR INFORMATION SYSTEM WITHIN 4 WEEKS UPON REQUEST','G.',NULL,NULL,NULL,'SI6e983775:1610c331ceb:-2c5f','ip',56,57),('SI-38878507:1616875fbc5:-7ca6','DRAFT','INFORMATIN SYSTEM IS DEPLOYED WITHIN 2 MONTHS AFTER DELIVERY/DEVELOPMENT','F.',NULL,NULL,NULL,'SI6e983775:1610c331ceb:-2c5f','ip',58,59),('SI-7cf256e6:160fcb15d18:-73bd','DRAFT','ADMINISTRATIVE SUPPORT SERVICES ACTED, FACILITATED, PROVIDED AND ACCOUNTED BY THE END OF THE SEMESTER','12.',NULL,NULL,NULL,'SI-7cf256e6:160fcb15d18:-7c9c','op',8,27),('SI-7cf256e6:160fcb15d18:-73ee','DRAFT','EFFECTIVE AND EFFICENT EQUIPMENT AND SERVICE VEHICLE SUPPORT TO THE PROVINCE PROVIDED','11.',NULL,NULL,NULL,'SI-7cf256e6:160fcb15d18:-7c9c','op',28,41),('SI-7cf256e6:160fcb15d18:-741d','DRAFT','MANAGEMENT INFORMATION SYSTEM AND DATABASE ADMINISTRATION SERVICES PROVIDED AND MAINTAINED','10.',NULL,NULL,NULL,'SI-7cf256e6:160fcb15d18:-7c9c','op',42,51),('SI-7cf256e6:160fcb15d18:-7452','DRAFT','EFFECTIVE AND EFFICIENT DELIVERY OF INFORMATION/MESSAGES ACCURATELY DISSEMINATED','9.',NULL,NULL,NULL,'SI-7cf256e6:160fcb15d18:-7c9c','op',52,65),('SI-7cf256e6:160fcb15d18:-747d','DRAFT','EMPLOYEES\' WELFARE AND BENIFITS FACILITATED','8.',NULL,NULL,NULL,'SI-7cf256e6:160fcb15d18:-7c9c','op',66,71),('SI-7cf256e6:160fcb15d18:-74a6','DRAFT','PROCUREMENT OF SUPPLIES AND EQUIPMENT IMPLEMENTED IN ACCORDANCE WITH RA 9184','7.',NULL,NULL,NULL,'SI-7cf256e6:160fcb15d18:-7c9c','op',72,77),('SI-7cf256e6:160fcb15d18:-74cd','DRAFT','ENFORMENT OF NATIONAL/LOCAL REGULATORY LAWS RULES AND REGULATIONS COORDINATED/ IMPLEMENTED WITHIN THE YEAR','6.',NULL,NULL,NULL,'SI-7cf256e6:160fcb15d18:-7c9c','op',78,83),('SI-7cf256e6:160fcb15d18:-74f9','DRAFT','GOVERNMENT EMPLOYEES\' SYSTEM AND PROCEDURES ,PROPERTIES, SUPPLIES AND EQUIPMENT WELL MANAGED AND SAFEGUARDED','5.',NULL,NULL,NULL,'SI-7cf256e6:160fcb15d18:-7c9c','op',84,89),('SI-7cf256e6:160fcb15d18:-751c','DRAFT','DEVELOPMENT DIRECTIONS/STRATEGIES FORMULATED','4.',NULL,NULL,NULL,'SI-7cf256e6:160fcb15d18:-7c9c','op',90,93),('SI-7cf256e6:160fcb15d18:-7547','DRAFT','STRATEGIES TO INCREASE LOCALLY-SOURCED INCOMED AND REVENUES PURSUED','3.',NULL,NULL,NULL,'SI-7cf256e6:160fcb15d18:-7c9c','op',94,99),('SI-7cf256e6:160fcb15d18:-7566','DRAFT','TRANSPERENCY IN ALL GOVERNMENT PROGRAMS AND PROJECTS PROMOTED','2.',NULL,NULL,NULL,'SI-7cf256e6:160fcb15d18:-7c9c','op',100,103),('SI-7cf256e6:160fcb15d18:-7582','DRAFT','IMPLEMENTATIONS OF PROGRAMS AND PROJECTS WELL MANAGED','1.',NULL,NULL,NULL,'SI-7cf256e6:160fcb15d18:-7c9c','op',104,111),('SI-7cf256e6:160fcb15d18:-75d1','DRAFT','ENVIRONMENTAL AND NATURAL RESOURCES PROTECTED AND MANAGED','1.',NULL,NULL,NULL,'SI-7cf256e6:160fcb15d18:-7cd4','op',114,115),('SI-7cf256e6:160fcb15d18:-75fe','DRAFT','QUALITY INFRASTRUCTURE DEVELOPMENT PROGRAM AND PROJECTS PROVIDED FOR 2018','1.',NULL,NULL,NULL,'SI-7cf256e6:160fcb15d18:-7cf7','op',118,121),('SI-7cf256e6:160fcb15d18:-7666','DRAFT','MARKETING DEVEOPMENT AND PROMOTIONAL COLLATERALS OF BUKIDNON PRODUCTS ASSISTED/ CONDUCTED/PROVIDED','5.',NULL,NULL,NULL,'SI-7cf256e6:160fcb15d18:-7d18','op',128,135),('SI-7cf256e6:160fcb15d18:-7686','DRAFT','STRATEGIES TO INCREASE SOURCE OF INCOME TO SUSTAIN THE HEALTH AND SOCIAL NEEDS OF THE CONSTITUENTS PERSUED','4.',NULL,NULL,NULL,'SI-7cf256e6:160fcb15d18:-7d18','op',136,143),('SI-7cf256e6:160fcb15d18:-76d3','DRAFT','LIVELIHOOD OPPORTUNITIES TO LOW-INCOME FAMILIES PROVIDED','3.',NULL,NULL,NULL,'SI-7cf256e6:160fcb15d18:-7d18','op',144,149),('SI-7cf256e6:160fcb15d18:-7700','DRAFT','EDUCATION PROGRAMS AND PROJECTS IMPLEMENTED','1.',NULL,NULL,NULL,'SI-7cf256e6:160fcb15d18:-7d37','op',152,161),('SI-7cf256e6:160fcb15d18:-7ae5','DRAFT','CUSTODY, SECURITY, CONTROL, AND SAFEKEEPING OF INMATES PROVIDED','2.',NULL,NULL,NULL,'SI-7cf256e6:160fcb15d18:-7d54','op',164,169),('SI-7cf256e6:160fcb15d18:-7b01','DRAFT','PEACE AND ORDER SITUATION MAINTAINED','1.',NULL,NULL,NULL,'SI-7cf256e6:160fcb15d18:-7d54','op',170,173),('SI-7cf256e6:160fcb15d18:-7b46','DRAFT','PRESERVATION OF CULTURE AND TRADITIONS COORDINATED AND FACILITATED','6.',NULL,NULL,NULL,'SI-7cf256e6:160fcb15d18:-7d91','op',184,189),('SI-7cf256e6:160fcb15d18:-7b6b','DRAFT','PRIVILAGE AND WELFARE PROGRAMS AND SERVICES PROVIDED','5.',NULL,NULL,NULL,'SI-7cf256e6:160fcb15d18:-7d91','op',190,197),('SI-7cf256e6:160fcb15d18:-7b9d','DRAFT','POPULATION DEVELOPMENT PROGRAMS IMPLEMENTED','4.',NULL,NULL,NULL,'SI-7cf256e6:160fcb15d18:-7d91','op',198,201),('SI-7cf256e6:160fcb15d18:-7bbe','DRAFT','HOUSING AND RESTTLEMENT PROGRAM IMPLEMENTED','3.',NULL,NULL,NULL,'SI-7cf256e6:160fcb15d18:-7d91','op',202,205),('SI-7cf256e6:160fcb15d18:-7bde','DRAFT','DISASTER RISK REDUCTION AND MANAGEMENT ACTIVITIES PROVIDED','2.',NULL,NULL,NULL,'SI-7cf256e6:160fcb15d18:-7d91','op',206,213),('SI-7cf256e6:160fcb15d18:-7c0c','DRAFT','EFFECTIVE AND EFFICIENT HEALTH AND SOCIAL SERVICES PROVIDED','1',NULL,NULL,NULL,'SI-7cf256e6:160fcb15d18:-7d91','op',214,217),('SI-7cf256e6:160fcb15d18:-7c9c','DRAFT','GENERAL ADMINISTRATION','7.',NULL,NULL,NULL,'SI32730db3:160d0d14d7b:-7d74','mfo',3,112),('SI-7cf256e6:160fcb15d18:-7cd4','DRAFT','ENVIRONMENTAL PROTECTION AND NATURAL RESOURCES MANAGEMENT','6.',NULL,NULL,NULL,'SI32730db3:160d0d14d7b:-7d74','mfo',113,116),('SI-7cf256e6:160fcb15d18:-7cf7','DRAFT','INFRASTRUCTURE PROGRAM','5.',NULL,NULL,NULL,'SI32730db3:160d0d14d7b:-7d74','mfo',117,122),('SI-7cf256e6:160fcb15d18:-7d18','DRAFT','ECONOMIC SERVICES FOR FAMILIES','4.',NULL,NULL,NULL,'SI32730db3:160d0d14d7b:-7d74','mfo',123,150),('SI-7cf256e6:160fcb15d18:-7d37','DRAFT','EDUCATION FOR ALL','3.',NULL,NULL,NULL,'SI32730db3:160d0d14d7b:-7d74','mfo',151,162),('SI-7cf256e6:160fcb15d18:-7d54','DRAFT','PEACE AND ORDER','2.',NULL,NULL,NULL,'SI32730db3:160d0d14d7b:-7d74','mfo',163,174),('SI-7cf256e6:160fcb15d18:-7d91','DRAFT','HEALTH AND SOCIAL SERVICES','1.',NULL,NULL,NULL,'SI32730db3:160d0d14d7b:-7d74','mfo',175,218),('SI32730db3:160d0d14d7b:-7d74','DRAFT','2018','2018',NULL,NULL,'test','ROOT','pmis',2,239),('SI6e983775:1610c331ceb:-2125','DRAFT','INFORMATION SYSTEM IS DEVELOPED WITHIN 4 MONTHS','E.',NULL,NULL,NULL,'SI6e983775:1610c331ceb:-2c5f','ip',30,31),('SI6e983775:1610c331ceb:-2144','DRAFT','PLUGIN FOR ETRACS IS DEPLOYED WITHIN 2 MONTHS','D.',NULL,NULL,NULL,'SI6e983775:1610c331ceb:-2c5f','ip',32,33),('SI6e983775:1610c331ceb:-2161','DRAFT','PLUGIN FOR ETRACS IS DEVELOP WITHIN 4 MONTHS','C.',NULL,NULL,NULL,'SI6e983775:1610c331ceb:-2c5f','ip',34,35),('SI6e983775:1610c331ceb:-217c','DRAFT','ASSISTED IN DEVELOPMENT OF INFORMATION SYSTEM','B.',NULL,NULL,NULL,'SI6e983775:1610c331ceb:-2c5f','ip',36,37),('SI6e983775:1610c331ceb:-2196','DRAFT','POSTED OF BID & FDP DOCUMENTS TO PROVINCIAL WEBSITE AND FDP PORTAL WITHIN 20 MINUTES FROM RECEIPT','A.',NULL,NULL,NULL,'SI6e983775:1610c331ceb:-2c5f','ip',38,39),('SI6e983775:1610c331ceb:-266f','DRAFT','BAND PERFORMANCE AND REPRESENTATION PROVIDED','4.',NULL,NULL,NULL,'SI-7cf256e6:160fcb15d18:-73bd','dp',9,10),('SI6e983775:1610c331ceb:-26cb','DRAFT','MONITORING AND INSPECTION OF PROVINCIAL FUNDED PROJECTS','3.',NULL,NULL,NULL,'SI-7cf256e6:160fcb15d18:-73bd','dp',11,12),('SI6e983775:1610c331ceb:-28ab','DRAFT','REQUEST FOR ASSISTANCE ACTED/FACILATED UPON RECEIPT OF REQUEST','2.',NULL,NULL,NULL,'SI-7cf256e6:160fcb15d18:-73bd','dp',13,14),('SI6e983775:1610c331ceb:-2aff','DRAFT','ADMINISTRATIVE SUPPORT PROVIDED WITHIN THE PERIOD COVERED','1.',NULL,NULL,NULL,'SI-7cf256e6:160fcb15d18:-73bd','dp',15,26),('SI6e983775:1610c331ceb:-2b53','DRAFT','APPROVED REQUEST FOR TRAVEL AND SAFELY CONDUCTED PASSENGERS TO DESTINATION','1.',NULL,NULL,NULL,'SI-7cf256e6:160fcb15d18:-73ee','dp',29,40),('SI6e983775:1610c331ceb:-2b8e','DRAFT','MAINTAINANCE OF ICT HARDWARE/SOFTWARE,LAN AND RELATED ICT EQUIPMENT','1.',NULL,NULL,NULL,'SI-7cf256e6:160fcb15d18:-741d','dp',43,50),('SI6e983775:1610c331ceb:-2c22','DRAFT','PROVIDED EASY AND DIRECT COMMUNICATIONS BOTH INCOMING AND OUTGOING MESSAGES PROVINCE-WIDE','4.',NULL,NULL,NULL,'SI-7cf256e6:160fcb15d18:-7452','dp',53,54),('SI6e983775:1610c331ceb:-2c5f','DRAFT','INFORMATION SYSTEM DEVELOPMENT/IMPLEMENTATION/MAINTAINANCE','3.',NULL,NULL,NULL,'SI-7cf256e6:160fcb15d18:-7452','dp',55,60),('SI6e983775:1610c331ceb:-2c7e','DRAFT','ASSISTANCE SERVICES AND DEVELOPMENT OF PGB\'S PAP\'S INFORMATION THROUGH RADIO AND SOCIAL MEDIA DISSEMINATED AND PROVIDED','2.',NULL,NULL,NULL,'SI-7cf256e6:160fcb15d18:-7452','dp',61,62),('SI6e983775:1610c331ceb:-2cb5','DRAFT','PRESS RELEASE APPRVED BY THE PROVINCIAL ADMINISTRATOR WITHIN SET TIME FRAME UPON RECEIPT OF THE EVENT/ACTIVITY WITH NO REVISION','1.',NULL,NULL,NULL,'SI-7cf256e6:160fcb15d18:-7452','dp',63,64),('SI6e983775:1610c331ceb:-2ce6','DRAFT','STAFF DEVELOPMENT PROVIDED (MEETINGS,TRAININGS,CONVENTIONS AND OTHER HUMAN RESOURCES RELATED ACTIVITIES)','2.',NULL,NULL,NULL,'SI-7cf256e6:160fcb15d18:-747d','dp',67,68),('SI6e983775:1610c331ceb:-2d49','DRAFT','EMPLOYEES COMPENSATION AND OTHER BENEFITS APPROVED/PROVIDED','1.',NULL,NULL,NULL,'SI-7cf256e6:160fcb15d18:-747d','dp',69,70),('SI6e983775:1610c331ceb:-2d7a','DRAFT','NOTICE OF AWARD, PROCEED,PURCHASE ORDER,RESOLUTIONS REVIEWED AND INITIALED','2.',NULL,NULL,NULL,'SI-7cf256e6:160fcb15d18:-74a6','dp',73,74),('SI6e983775:1610c331ceb:-2da5','DRAFT','PROCURMENT MANAGEMENT PLAN (PMP) AND ANNUAL PROCURMENT PLAN (APP) OF ALL OFFICES SIGNED/REVIEWED/CONSOLIDATED FOR SUBMISSION AT GPPB AND DBM','1.',NULL,NULL,NULL,'SI-7cf256e6:160fcb15d18:-74a6','dp',75,76),('SI6e983775:1610c331ceb:-2df9','DRAFT','SUPPORT TO THE NATIONAL GOVERNMENT AGENCIES (NGAS) PROVIDED','2.',NULL,NULL,NULL,'SI-7cf256e6:160fcb15d18:-74cd','dp',79,80),('SI6e983775:1610c331ceb:-2e2f','DRAFT','EMPLOYEE DISCIPLINE PURSUANT TO THE CIVIL SERVICE RULES AND REGULATIONS APPLIED/ IMPLEMENTED','1.',NULL,NULL,NULL,'SI-7cf256e6:160fcb15d18:-74cd','dp',81,82),('SI6e983775:1610c331ceb:-2e60','DRAFT','SPOT/INCIDENT REPORT SUBMITTED','2.',NULL,NULL,NULL,'SI-7cf256e6:160fcb15d18:-74f9','dp',85,86),('SI6e983775:1610c331ceb:-2eaa','DRAFT','SECURITY SERVICES PROVIDED. GOVERNMENT PROPERTIES, SUPPLIES,PREMISES SAFEGUARDED','1.',NULL,NULL,NULL,'SI-7cf256e6:160fcb15d18:-74f9','dp',87,88),('SI6e983775:1610c331ceb:-2efd','DRAFT','STRATEGIES TO INCREASE INCOME AND REVENUES PURSUED','2.',NULL,NULL,NULL,'SI-7cf256e6:160fcb15d18:-7547','dp',95,96),('SI6e983775:1610c331ceb:-2f45','DRAFT','EXECUTIVE MANAGEMENT SERVICES APPROVED AND IMPLEMENTED (MEMO ,EO,AND OTHER COMMUNICATION) PREPARED/IMPLEMENTED','1.',NULL,NULL,NULL,'SI-7cf256e6:160fcb15d18:-751c','dp',91,92),('SI6e983775:1610c331ceb:-2fe2','DRAFT','MANAGEMENT OF MINERAL RESOURCES PROVIDED ( ISSUANCE OF DELIVERY RECEIPTS FOR SAND AND GRAVEL)','1.',NULL,NULL,NULL,'SI-7cf256e6:160fcb15d18:-7547','dp',97,98),('SI6e983775:1610c331ceb:-301e','DRAFT','CHAIRMANSHIP TO VARIOUS COMMITTEE IN THE IMPLEMENTATION OF APPROVED PLANS, ACTIVITIES, AND PROGRAMS','1.',NULL,NULL,NULL,'SI-7cf256e6:160fcb15d18:-7566','dp',101,102),('SI6e983775:1610c331ceb:-3066','DRAFT','BUILDING PREMISES (INTERIOR AND EXTERIOR WALLS) WELL PAINTED AND MAINTAINED','3.',NULL,NULL,NULL,'SI-7cf256e6:160fcb15d18:-7582','dp',105,106),('SI6e983775:1610c331ceb:-309d','DRAFT','MAINTAINANCE OF CAPILTOL GROUND PROVIDED WITHIN THE PERIOD','2.',NULL,NULL,NULL,'SI-7cf256e6:160fcb15d18:-7582','dp',107,108),('SI6e983775:1610c331ceb:-30c7','DRAFT','CLEANLINESS/MAINTAINANCE OF KAAMULAN TREEPARK NESURED/PROVIDED WITHIN THE PERIOD','1.',NULL,NULL,NULL,'SI-7cf256e6:160fcb15d18:-7582','dp',109,110),('SI6e983775:1610c331ceb:-3214','DRAFT','APPROVAL OF 20% DEVELOPMENT FUND FOR BARANGAYS/LGU\'S ASSISTED/FACILITATED/PROVIDED','1.',NULL,NULL,NULL,'SI-7cf256e6:160fcb15d18:-75fe','dp',119,120),('SI6e983775:1610c331ceb:-329e','DRAFT','ACTIVITIES AND FORUM CONDUCTED/FACILITATED/ASSISTED TO PROMOTE BUKIDNON AS A PLACE TO INVEST','3.',NULL,NULL,NULL,'SI-7cf256e6:160fcb15d18:-7666','dp',129,130),('SI6e983775:1610c331ceb:-32bd','DRAFT','PROMO COLLATERALS OF BUKIDNON AS A PLACE TO INVEST PREPARED AND DISSEMINATED','2.',NULL,NULL,NULL,'SI-7cf256e6:160fcb15d18:-7666','dp',131,132),('SI6e983775:1610c331ceb:-32ed','DRAFT','MARKETING DEVELOPMENT AND PROMOTIONAL COLLATERALS OF BUKIDNON PRODUCTS ASSISTED/CONDUCTED/PROVIDED','1.',NULL,NULL,NULL,'SI-7cf256e6:160fcb15d18:-7666','dp',133,134),('SI6e983775:1610c331ceb:-331f','DRAFT','EVENTS/ACTIVITIES/FUROM CONDUCTED/FACILITATED/ASSISTED TO INCREASE INVESTMENTS AND EMPLOYMENT','3.',NULL,NULL,NULL,'SI-7cf256e6:160fcb15d18:-7686','dp',137,138),('SI6e983775:1610c331ceb:-3355','DRAFT','LOCAL INVESTMENT AND INCENTIVE CODE OF BUKIDNON UPDATED','2.',NULL,NULL,NULL,'SI-7cf256e6:160fcb15d18:-7686','dp',139,140),('SI6e983775:1610c331ceb:-337f','DRAFT','DEVELOPMENT AND MAINTAINANCE OF TOURIST SPOTS, DESTINATIONS AND OTHER TOURISM PRODUCTS PROVINCE WIDE PROVIDED/COORDINATED.FACILITATED','1.',NULL,NULL,NULL,'SI-7cf256e6:160fcb15d18:-7686','dp',141,142),('SI6e983775:1610c331ceb:-33af','DRAFT','LOAN REPAYMENT COLLECTED FROM BENEFICIARIES FOR THE PERIOD COVERED','2.',NULL,NULL,NULL,'SI-7cf256e6:160fcb15d18:-76d3','dp',145,146),('SI6e983775:1610c331ceb:-33e4','DRAFT','IMPLEMENTATION OF LIVELIHOOD PROGRAM COORDINATEDE AND CONDUCTED','1.',NULL,NULL,NULL,'SI-7cf256e6:160fcb15d18:-76d3','dp',147,148),('SI6e983775:1610c331ceb:-375b','DRAFT','FINANCIAL ASSISTANCE FOR SPORTS ACTIVITIES AT DIVISION, DISTRICT ,MUNICIPAL, AND BARANGAY LEVEL PROVIDED','4.',NULL,NULL,NULL,'SI-7cf256e6:160fcb15d18:-7700','dp',153,154),('SI6e983775:1610c331ceb:-378c','DRAFT','FINANCIAL ASSISTANCE TO COLLEGE STUDENTS PROVIDED PROVINCE WIDE','3.',NULL,NULL,NULL,'SI-7cf256e6:160fcb15d18:-7700','dp',155,156),('SI6e983775:1610c331ceb:-37c0','DRAFT','SCHOLARSHIP PROGRAM PROVIDED TO QUALIFIED COLLEGE STUDENTS PROVINCE WIDE','2.',NULL,NULL,NULL,'SI-7cf256e6:160fcb15d18:-7700','dp',157,158),('SI6e983775:1610c331ceb:-380d','DRAFT','APPROVAL OF PROVINCIAL SCHOOL BOARD FUND FACILITATED FOR CONSTRUCTION & REPAIR SCHOOLS PROVINCE WIDE','1.',NULL,NULL,NULL,'SI-7cf256e6:160fcb15d18:-7700','dp',159,160),('SI6e983775:1610c331ceb:-3874','DRAFT','INMATES ESCORTED TO ANY COURTS, AUTHORIZED PLACES OF CONFINEMENT AND HOSPITALS SECURED/PROTECTED FROM ASSAULTS/HARASSMENT AND NO ESCAPE INCIDENT','2.',NULL,NULL,NULL,'SI-7cf256e6:160fcb15d18:-7ae5','dp',165,166),('SI6e983775:1610c331ceb:-38a1','DRAFT','REHABILITATION CENTER FREE FROM DRUGS AND OTHER CONTRABAND, SECURED FROM ASSAULTS,RIOT FREE AND NO ESCAPE INCIDENT','1.',NULL,NULL,NULL,'SI-7cf256e6:160fcb15d18:-7ae5','dp',167,168),('SI6e983775:1610c331ceb:-38dd','DRAFT','SUBSIDY (FUEL & MEALS) TO PNP AND PDEA OPERATIONS PROVIDED WITHIN THE PERIOD COVERED','1.',NULL,NULL,NULL,'SI-7cf256e6:160fcb15d18:-7b01','dp',171,172),('SI6e983775:1610c331ceb:-3979','DRAFT','PROMOTION OF GENERAL WELFARE OF INDIGENOUS PEOPLES (IP) ORGANIZATION AND PRESERVATION OF CULTURE AND TRADITION COORDINATED AND FACILITATED','2.',NULL,NULL,NULL,'SI-7cf256e6:160fcb15d18:-7b46','dp',185,186),('SI6e983775:1610c331ceb:-39a4','DRAFT','PROVINCIAL FESTIVAL (KAAMULAN) ABD ITHER IP RELATED ACTIVITIES CONDUCTED AND FACILITATED','1.',NULL,NULL,NULL,'SI-7cf256e6:160fcb15d18:-7b46','dp',187,188),('SI6e983775:1610c331ceb:-39fb','DRAFT','YOUTH PROGRAMS IMPLEMENTED','3.',NULL,NULL,NULL,'SI-7cf256e6:160fcb15d18:-7b6b','dp',191,192),('SI6e983775:1610c331ceb:-3a40','DRAFT','FOOD ASSISTANCE- LUGAW SERVED TO INDIVIDUAL DURING PEOPLE\'S DAY','2.',NULL,NULL,NULL,'SI-7cf256e6:160fcb15d18:-7b6b','dp',193,194),('SI6e983775:1610c331ceb:-3b8e','DRAFT','FINANCIAL ASSISTANCE THRU BURIAL,MEDIACL,AND PERSONAL PROVIDED TO INDIVIDUAL DURING PEOPLE\'S DAY OR ARAW NG MASA EVERY WEDNESDAY','1.',NULL,NULL,NULL,'SI-7cf256e6:160fcb15d18:-7b6b','dp',195,196),('SI6e983775:1610c331ceb:-3be4','DRAFT','RESPONSIBLE PARENTHOOD AND FAMILIY PLANNING SERVICES FILLED/SUBMITTED TO CONCERNED AGENCY','1',NULL,NULL,NULL,'SI-7cf256e6:160fcb15d18:-7b9d','dp',199,200),('SI6e983775:1610c331ceb:-3c4d','DRAFT','ALL TECHNICAL DOCUMENTS (PLANS, DESIGNS, POW, COST OF ESTIMATES,FEASIBILITY,STUDY,PROJECT PROPOSAL) PROVIDED/ACTED/FACILITATED AND ACCOUNTED WITHIN SET TIME FRAME','1.',NULL,NULL,NULL,'SI-7cf256e6:160fcb15d18:-7bbe','dp',203,204),('SI6e983775:1610c331ceb:-4345','DRAFT','INCIDENT COMMAND POST-ESTABLISHED (FIRST AID OR MEDICAL STATION)','3',NULL,NULL,NULL,'SI-7cf256e6:160fcb15d18:-7bde','dp',207,208),('SI6e983775:1610c331ceb:-43b0','DRAFT','SEARCH AND RESCUE OPERATION REPORTS SUBMITTED','2.',NULL,NULL,NULL,'SI-7cf256e6:160fcb15d18:-7bde','dp',209,210),('SI6e983775:1610c331ceb:-45a0','DRAFT','MULTI-HAZARD EARLY WARNING SYSTEM AND INFORMATION DISSEMINATED','1.',NULL,NULL,NULL,'SI-7cf256e6:160fcb15d18:-7bde','dp',211,212),('SI6e983775:1610c331ceb:-4704','DRAFT','EFFECTIVE AND EFFICIENT HEALTH AND SOCIAL SERVICES PROVIDED','7',NULL,NULL,NULL,'SI-7cf256e6:160fcb15d18:-7d91','op',176,177),('SI6e983775:1610c331ceb:-4861','DRAFT','EFFECTIVE AND EFFICIENT HEALTH AND SOCIAL SERVICES PROVIDED','1.',NULL,NULL,NULL,'SI-7cf256e6:160fcb15d18:-7d91','op',178,179),('SI6e983775:1610c331ceb:-49b1','DRAFT','NUTRITION POLICY AND DEVELOPMENT PROGRAM COORDINATED/CONDUCTED AND MONITORED PROVINCE WIDE','1',NULL,NULL,NULL,'SI-7cf256e6:160fcb15d18:-7c0c','dp',215,216),('SI6e983775:1610c331ceb:-5301','DRAFT','PROVINCIAL RESOLUTIONS/ORDINANCES FORMULATED/IMPLEMENTED','14',NULL,NULL,NULL,'SI-7cf256e6:160fcb15d18:-7c9c','op',4,5),('SI6e983775:1610c331ceb:-70f7','DRAFT','GOOD FISCAL MANAGEMENT MAINTAINED','13.',NULL,NULL,NULL,'SI-7cf256e6:160fcb15d18:-7c9c','op',6,7),('SI6e983775:1610c331ceb:-736b','DRAFT','PROGRAMS ON ANIMAL HEALTH,PRODUCTION AND INFORCEMENT OF REGULATORY LAWS COORDIANTED/IMPLEMENTED WITHIN THE YEAR','2.',NULL,NULL,NULL,'SI-7cf256e6:160fcb15d18:-7d18','op',124,125),('SI6e983775:1610c331ceb:-739f','DRAFT','PROGRAMS ON FOOD SUFFICIENCY COORDINATED/FACILITATED/IMPLEMANTED','1.',NULL,NULL,NULL,'SI-7cf256e6:160fcb15d18:-7d18','op',126,127),('SI6e983775:1610c331ceb:-7b75','DRAFT','EFFECTIVE AND EFFICIENT HEALTH AND SOCIAL SERVICES PROVIDED','1.',NULL,NULL,NULL,'SI-7cf256e6:160fcb15d18:-7d91','op',180,181);

/*Table structure for table `pmis_successindicators_org` */

DROP TABLE IF EXISTS `pmis_successindicators_org`;

CREATE TABLE `pmis_successindicators_org` (
  `siid` varchar(50) NOT NULL,
  `orgid` varchar(100) NOT NULL,
  PRIMARY KEY (`siid`,`orgid`)
) ENGINE=InnoDB DEFAULT CHARSET=latin1;

/*Data for the table `pmis_successindicators_org` */

insert  into `pmis_successindicators_org`(`siid`,`orgid`) values ('SI-1e2073bb:160b97187ba:-7c22','ff6936db-9692-4d0f-98a0-63c1ceda0f2f'),('SI-30abc040:160d860b47f:-7c17','99ab60a7-b694-4718-9f1e-567a6ede56d2'),('SI-34c93280:160687210e5:-7d8e','c9de1d79-c083-49d1-a07a-386db92d26c4'),('SI-39cfa1c8:1606841b22d:-7d0a','cf36ee99-c52b-4d20-92fd-e8f78f39f622'),('SI-42ebcabd:1606d5f3615:-7d3b','a3315bc5-5559-4037-b389-b825857a591c'),('SI-5641d599:1604d9b7dbc:-7d9f','d13c1232-1126-4326-9d93-376bd43f6311'),('SI-57dac735:1604e4c1549:-7d86','e7a2ebc0-b590-4e3a-9d1e-15b30aaf3c7a'),('SI-57dac735:1604e4c1549:-7d86','T51a314fe:16067c4b40a:-7dc1'),('SI-669515b1:1604dfac5e9:-7c46','2eb5a902-8a0b-4dd2-8391-29e389304d77'),('SI-669515b1:1604dfac5e9:-7c46','38ea5c58-0386-48cd-8a90-bfb2cdf2ce34'),('SI-670a813c:1604e0101c2:-7d05','ee27d911-3a99-458e-bedf-705d8ed075c2'),('SI-7250bdb1:160e076fb9b:-7660','bacb54b6-912e-4167-bd9b-7b361e83a8e7'),('SI-7250bdb1:160e076fb9b:-7703','3e9b0513-3406-4869-bd53-4c05c68a76c4'),('SI-7250bdb1:160e076fb9b:-7703','b69be8d2-54fa-45f8-a2b6-0ae4006e49a8'),('SI-7250bdb1:160e076fb9b:-791b','e470ff49-ea89-4fef-90cc-34901746e48d'),('SI-7250bdb1:160e076fb9b:-7993','67ec5f1c-722a-424a-8002-62ec6ca43815'),('SI-7250bdb1:160e076fb9b:-7993','9b80e363-30da-4c27-921f-5438afa4b72c'),('SI-7250bdb1:160e076fb9b:-7d45','bacb54b6-912e-4167-bd9b-7b361e83a8e7'),('SI-7250bdb1:160e076fb9b:-7d88','3e9b0513-3406-4869-bd53-4c05c68a76c4'),('SI-7250bdb1:160e076fb9b:-7d88','b69be8d2-54fa-45f8-a2b6-0ae4006e49a8'),('SI-74c3da69:1606855b182:-7d6b','T36bca281:160686df5d0:-7d15'),('SI-7cf256e6:160fcb15d18:-73bd','0ee57a54-81f6-4480-9400-4e26b745e32f'),('SI-7cf256e6:160fcb15d18:-73bd','10933b9a-4769-45da-8306-eb3cee740751'),('SI-7cf256e6:160fcb15d18:-73bd','2673d2e1-0b6c-4c5a-904d-a63109bbfbc3'),('SI-7cf256e6:160fcb15d18:-73bd','2890b567-6576-435f-a01d-cc56934d554b'),('SI-7cf256e6:160fcb15d18:-73bd','2e5c066e-ca04-4d09-88fd-e58a3f127436'),('SI-7cf256e6:160fcb15d18:-73bd','2e96727b-cd5f-40f2-8043-f6994d6d75fe'),('SI-7cf256e6:160fcb15d18:-73bd','314e8255-2190-4171-b578-4e293aaa50fe'),('SI-7cf256e6:160fcb15d18:-73bd','3e9b0513-3406-4869-bd53-4c05c68a76c4'),('SI-7cf256e6:160fcb15d18:-73bd','4cf47b4e-6358-4da5-b726-59e1c27d1e26'),('SI-7cf256e6:160fcb15d18:-73bd','4edb37dd-4496-4aaf-a19d-14609fd0163b'),('SI-7cf256e6:160fcb15d18:-73bd','5b61bb8f-f38e-496b-bec2-6ba4bb98e9de'),('SI-7cf256e6:160fcb15d18:-73bd','5bded658-cd45-4777-bdb1-4c9b9ba11290'),('SI-7cf256e6:160fcb15d18:-73bd','67ec5f1c-722a-424a-8002-62ec6ca43815'),('SI-7cf256e6:160fcb15d18:-73bd','742660d2-1560-4cff-be2b-185458cf866e'),('SI-7cf256e6:160fcb15d18:-73bd','784128fe-957f-4155-943b-bf4111a91699'),('SI-7cf256e6:160fcb15d18:-73bd','99ab60a7-b694-4718-9f1e-567a6ede56d2'),('SI-7cf256e6:160fcb15d18:-73bd','9b80e363-30da-4c27-921f-5438afa4b72c'),('SI-7cf256e6:160fcb15d18:-73bd','a3315bc5-5559-4037-b389-b825857a591c'),('SI-7cf256e6:160fcb15d18:-73bd','ab47f9ac-2e8d-4978-a1fa-e7a66b009558'),('SI-7cf256e6:160fcb15d18:-73bd','b119565a-7279-4d0e-b73e-9b666729d3f7'),('SI-7cf256e6:160fcb15d18:-73bd','b69be8d2-54fa-45f8-a2b6-0ae4006e49a8'),('SI-7cf256e6:160fcb15d18:-73bd','c2a5a3dc-0364-4401-99bf-3207a5ef78cc'),('SI-7cf256e6:160fcb15d18:-73bd','c4d8af2c-174d-43a1-8982-55ebd137ec58'),('SI-7cf256e6:160fcb15d18:-73bd','c5f73407-72b1-4373-989c-e414e0f27ad7'),('SI-7cf256e6:160fcb15d18:-73bd','c7da0331-fe41-49d0-8fe4-5cc9e2af87e4'),('SI-7cf256e6:160fcb15d18:-73bd','c9de1d79-c083-49d1-a07a-386db92d26c4'),('SI-7cf256e6:160fcb15d18:-73bd','cf36ee99-c52b-4d20-92fd-e8f78f39f622'),('SI-7cf256e6:160fcb15d18:-73bd','d2a70f8c-c050-4b5e-862a-faadb3bd4d07'),('SI-7cf256e6:160fcb15d18:-73bd','daef4532-b02f-492f-b403-12680e5c8997'),('SI-7cf256e6:160fcb15d18:-73bd','e2e9e8b0-65f3-4912-b381-166b5b3a51d9'),('SI-7cf256e6:160fcb15d18:-73bd','e60f1f12-1936-4376-8f3e-ca2ae068301c'),('SI-7cf256e6:160fcb15d18:-73bd','f46d9938-1fc2-4868-b1e7-d724c6623e7d'),('SI-7cf256e6:160fcb15d18:-73bd','f49ba9ee-839a-409d-9b8f-e3cd6c5c9304'),('SI-7cf256e6:160fcb15d18:-73bd','ff6936db-9692-4d0f-98a0-63c1ceda0f2f'),('SI-7cf256e6:160fcb15d18:-73ee','3e9b0513-3406-4869-bd53-4c05c68a76c4'),('SI-7cf256e6:160fcb15d18:-73ee','9b80e363-30da-4c27-921f-5438afa4b72c'),('SI-7cf256e6:160fcb15d18:-741d','3e9b0513-3406-4869-bd53-4c05c68a76c4'),('SI-7cf256e6:160fcb15d18:-741d','9b80e363-30da-4c27-921f-5438afa4b72c'),('SI-7cf256e6:160fcb15d18:-7452','3e9b0513-3406-4869-bd53-4c05c68a76c4'),('SI-7cf256e6:160fcb15d18:-7452','9b80e363-30da-4c27-921f-5438afa4b72c'),('SI-7cf256e6:160fcb15d18:-747d','3e9b0513-3406-4869-bd53-4c05c68a76c4'),('SI-7cf256e6:160fcb15d18:-747d','4cf47b4e-6358-4da5-b726-59e1c27d1e26'),('SI-7cf256e6:160fcb15d18:-747d','9b80e363-30da-4c27-921f-5438afa4b72c'),('SI-7cf256e6:160fcb15d18:-747d','b69be8d2-54fa-45f8-a2b6-0ae4006e49a8'),('SI-7cf256e6:160fcb15d18:-74a6','9b80e363-30da-4c27-921f-5438afa4b72c'),('SI-7cf256e6:160fcb15d18:-74a6','c4d8af2c-174d-43a1-8982-55ebd137ec58'),('SI-7cf256e6:160fcb15d18:-74a6','c5f73407-72b1-4373-989c-e414e0f27ad7'),('SI-7cf256e6:160fcb15d18:-74a6','ff6936db-9692-4d0f-98a0-63c1ceda0f2f'),('SI-7cf256e6:160fcb15d18:-74cd','0ee57a54-81f6-4480-9400-4e26b745e32f'),('SI-7cf256e6:160fcb15d18:-74cd','10933b9a-4769-45da-8306-eb3cee740751'),('SI-7cf256e6:160fcb15d18:-74cd','2673d2e1-0b6c-4c5a-904d-a63109bbfbc3'),('SI-7cf256e6:160fcb15d18:-74cd','2890b567-6576-435f-a01d-cc56934d554b'),('SI-7cf256e6:160fcb15d18:-74cd','2e5c066e-ca04-4d09-88fd-e58a3f127436'),('SI-7cf256e6:160fcb15d18:-74cd','2e96727b-cd5f-40f2-8043-f6994d6d75fe'),('SI-7cf256e6:160fcb15d18:-74cd','314e8255-2190-4171-b578-4e293aaa50fe'),('SI-7cf256e6:160fcb15d18:-74cd','3e9b0513-3406-4869-bd53-4c05c68a76c4'),('SI-7cf256e6:160fcb15d18:-74cd','4cf47b4e-6358-4da5-b726-59e1c27d1e26'),('SI-7cf256e6:160fcb15d18:-74cd','4edb37dd-4496-4aaf-a19d-14609fd0163b'),('SI-7cf256e6:160fcb15d18:-74cd','5b61bb8f-f38e-496b-bec2-6ba4bb98e9de'),('SI-7cf256e6:160fcb15d18:-74cd','5bded658-cd45-4777-bdb1-4c9b9ba11290'),('SI-7cf256e6:160fcb15d18:-74cd','67ec5f1c-722a-424a-8002-62ec6ca43815'),('SI-7cf256e6:160fcb15d18:-74cd','742660d2-1560-4cff-be2b-185458cf866e'),('SI-7cf256e6:160fcb15d18:-74cd','784128fe-957f-4155-943b-bf4111a91699'),('SI-7cf256e6:160fcb15d18:-74cd','99ab60a7-b694-4718-9f1e-567a6ede56d2'),('SI-7cf256e6:160fcb15d18:-74cd','9b80e363-30da-4c27-921f-5438afa4b72c'),('SI-7cf256e6:160fcb15d18:-74cd','a3315bc5-5559-4037-b389-b825857a591c'),('SI-7cf256e6:160fcb15d18:-74cd','ab47f9ac-2e8d-4978-a1fa-e7a66b009558'),('SI-7cf256e6:160fcb15d18:-74cd','b119565a-7279-4d0e-b73e-9b666729d3f7'),('SI-7cf256e6:160fcb15d18:-74cd','b69be8d2-54fa-45f8-a2b6-0ae4006e49a8'),('SI-7cf256e6:160fcb15d18:-74cd','c2a5a3dc-0364-4401-99bf-3207a5ef78cc'),('SI-7cf256e6:160fcb15d18:-74cd','c4d8af2c-174d-43a1-8982-55ebd137ec58'),('SI-7cf256e6:160fcb15d18:-74cd','c5f73407-72b1-4373-989c-e414e0f27ad7'),('SI-7cf256e6:160fcb15d18:-74cd','c7da0331-fe41-49d0-8fe4-5cc9e2af87e4'),('SI-7cf256e6:160fcb15d18:-74cd','c9de1d79-c083-49d1-a07a-386db92d26c4'),('SI-7cf256e6:160fcb15d18:-74cd','cf36ee99-c52b-4d20-92fd-e8f78f39f622'),('SI-7cf256e6:160fcb15d18:-74cd','d2a70f8c-c050-4b5e-862a-faadb3bd4d07'),('SI-7cf256e6:160fcb15d18:-74cd','daef4532-b02f-492f-b403-12680e5c8997'),('SI-7cf256e6:160fcb15d18:-74cd','e2e9e8b0-65f3-4912-b381-166b5b3a51d9'),('SI-7cf256e6:160fcb15d18:-74cd','e60f1f12-1936-4376-8f3e-ca2ae068301c'),('SI-7cf256e6:160fcb15d18:-74cd','f46d9938-1fc2-4868-b1e7-d724c6623e7d'),('SI-7cf256e6:160fcb15d18:-74cd','f49ba9ee-839a-409d-9b8f-e3cd6c5c9304'),('SI-7cf256e6:160fcb15d18:-74cd','ff6936db-9692-4d0f-98a0-63c1ceda0f2f'),('SI-7cf256e6:160fcb15d18:-74f9','5bded658-cd45-4777-bdb1-4c9b9ba11290'),('SI-7cf256e6:160fcb15d18:-74f9','9b80e363-30da-4c27-921f-5438afa4b72c'),('SI-7cf256e6:160fcb15d18:-74f9','b69be8d2-54fa-45f8-a2b6-0ae4006e49a8'),('SI-7cf256e6:160fcb15d18:-74f9','ff6936db-9692-4d0f-98a0-63c1ceda0f2f'),('SI-7cf256e6:160fcb15d18:-751c','3e9b0513-3406-4869-bd53-4c05c68a76c4'),('SI-7cf256e6:160fcb15d18:-751c','4cf47b4e-6358-4da5-b726-59e1c27d1e26'),('SI-7cf256e6:160fcb15d18:-751c','742660d2-1560-4cff-be2b-185458cf866e'),('SI-7cf256e6:160fcb15d18:-751c','9b80e363-30da-4c27-921f-5438afa4b72c'),('SI-7cf256e6:160fcb15d18:-7547','67ec5f1c-722a-424a-8002-62ec6ca43815'),('SI-7cf256e6:160fcb15d18:-7547','9b80e363-30da-4c27-921f-5438afa4b72c'),('SI-7cf256e6:160fcb15d18:-7547','a3315bc5-5559-4037-b389-b825857a591c'),('SI-7cf256e6:160fcb15d18:-7547','c5f73407-72b1-4373-989c-e414e0f27ad7'),('SI-7cf256e6:160fcb15d18:-7547','c9de1d79-c083-49d1-a07a-386db92d26c4'),('SI-7cf256e6:160fcb15d18:-7547','f46d9938-1fc2-4868-b1e7-d724c6623e7d'),('SI-7cf256e6:160fcb15d18:-7566','0ee57a54-81f6-4480-9400-4e26b745e32f'),('SI-7cf256e6:160fcb15d18:-7566','10933b9a-4769-45da-8306-eb3cee740751'),('SI-7cf256e6:160fcb15d18:-7566','2673d2e1-0b6c-4c5a-904d-a63109bbfbc3'),('SI-7cf256e6:160fcb15d18:-7566','2890b567-6576-435f-a01d-cc56934d554b'),('SI-7cf256e6:160fcb15d18:-7566','2e5c066e-ca04-4d09-88fd-e58a3f127436'),('SI-7cf256e6:160fcb15d18:-7566','2e96727b-cd5f-40f2-8043-f6994d6d75fe'),('SI-7cf256e6:160fcb15d18:-7566','314e8255-2190-4171-b578-4e293aaa50fe'),('SI-7cf256e6:160fcb15d18:-7566','3e9b0513-3406-4869-bd53-4c05c68a76c4'),('SI-7cf256e6:160fcb15d18:-7566','4cf47b4e-6358-4da5-b726-59e1c27d1e26'),('SI-7cf256e6:160fcb15d18:-7566','4edb37dd-4496-4aaf-a19d-14609fd0163b'),('SI-7cf256e6:160fcb15d18:-7566','5b61bb8f-f38e-496b-bec2-6ba4bb98e9de'),('SI-7cf256e6:160fcb15d18:-7566','5bded658-cd45-4777-bdb1-4c9b9ba11290'),('SI-7cf256e6:160fcb15d18:-7566','67ec5f1c-722a-424a-8002-62ec6ca43815'),('SI-7cf256e6:160fcb15d18:-7566','742660d2-1560-4cff-be2b-185458cf866e'),('SI-7cf256e6:160fcb15d18:-7566','784128fe-957f-4155-943b-bf4111a91699'),('SI-7cf256e6:160fcb15d18:-7566','99ab60a7-b694-4718-9f1e-567a6ede56d2'),('SI-7cf256e6:160fcb15d18:-7566','9b80e363-30da-4c27-921f-5438afa4b72c'),('SI-7cf256e6:160fcb15d18:-7566','a3315bc5-5559-4037-b389-b825857a591c'),('SI-7cf256e6:160fcb15d18:-7566','ab47f9ac-2e8d-4978-a1fa-e7a66b009558'),('SI-7cf256e6:160fcb15d18:-7566','b119565a-7279-4d0e-b73e-9b666729d3f7'),('SI-7cf256e6:160fcb15d18:-7566','b69be8d2-54fa-45f8-a2b6-0ae4006e49a8'),('SI-7cf256e6:160fcb15d18:-7566','c2a5a3dc-0364-4401-99bf-3207a5ef78cc'),('SI-7cf256e6:160fcb15d18:-7566','c4d8af2c-174d-43a1-8982-55ebd137ec58'),('SI-7cf256e6:160fcb15d18:-7566','c5f73407-72b1-4373-989c-e414e0f27ad7'),('SI-7cf256e6:160fcb15d18:-7566','c7da0331-fe41-49d0-8fe4-5cc9e2af87e4'),('SI-7cf256e6:160fcb15d18:-7566','c9de1d79-c083-49d1-a07a-386db92d26c4'),('SI-7cf256e6:160fcb15d18:-7566','cf36ee99-c52b-4d20-92fd-e8f78f39f622'),('SI-7cf256e6:160fcb15d18:-7566','d2a70f8c-c050-4b5e-862a-faadb3bd4d07'),('SI-7cf256e6:160fcb15d18:-7566','daef4532-b02f-492f-b403-12680e5c8997'),('SI-7cf256e6:160fcb15d18:-7566','e2e9e8b0-65f3-4912-b381-166b5b3a51d9'),('SI-7cf256e6:160fcb15d18:-7566','e60f1f12-1936-4376-8f3e-ca2ae068301c'),('SI-7cf256e6:160fcb15d18:-7566','f46d9938-1fc2-4868-b1e7-d724c6623e7d'),('SI-7cf256e6:160fcb15d18:-7566','f49ba9ee-839a-409d-9b8f-e3cd6c5c9304'),('SI-7cf256e6:160fcb15d18:-7566','ff6936db-9692-4d0f-98a0-63c1ceda0f2f'),('SI-7cf256e6:160fcb15d18:-7582','0ee57a54-81f6-4480-9400-4e26b745e32f'),('SI-7cf256e6:160fcb15d18:-7582','10933b9a-4769-45da-8306-eb3cee740751'),('SI-7cf256e6:160fcb15d18:-7582','2673d2e1-0b6c-4c5a-904d-a63109bbfbc3'),('SI-7cf256e6:160fcb15d18:-7582','2890b567-6576-435f-a01d-cc56934d554b'),('SI-7cf256e6:160fcb15d18:-7582','2e5c066e-ca04-4d09-88fd-e58a3f127436'),('SI-7cf256e6:160fcb15d18:-7582','2e96727b-cd5f-40f2-8043-f6994d6d75fe'),('SI-7cf256e6:160fcb15d18:-7582','314e8255-2190-4171-b578-4e293aaa50fe'),('SI-7cf256e6:160fcb15d18:-7582','3e9b0513-3406-4869-bd53-4c05c68a76c4'),('SI-7cf256e6:160fcb15d18:-7582','4cf47b4e-6358-4da5-b726-59e1c27d1e26'),('SI-7cf256e6:160fcb15d18:-7582','4edb37dd-4496-4aaf-a19d-14609fd0163b'),('SI-7cf256e6:160fcb15d18:-7582','5b61bb8f-f38e-496b-bec2-6ba4bb98e9de'),('SI-7cf256e6:160fcb15d18:-7582','5bded658-cd45-4777-bdb1-4c9b9ba11290'),('SI-7cf256e6:160fcb15d18:-7582','67ec5f1c-722a-424a-8002-62ec6ca43815'),('SI-7cf256e6:160fcb15d18:-7582','742660d2-1560-4cff-be2b-185458cf866e'),('SI-7cf256e6:160fcb15d18:-7582','784128fe-957f-4155-943b-bf4111a91699'),('SI-7cf256e6:160fcb15d18:-7582','99ab60a7-b694-4718-9f1e-567a6ede56d2'),('SI-7cf256e6:160fcb15d18:-7582','9b80e363-30da-4c27-921f-5438afa4b72c'),('SI-7cf256e6:160fcb15d18:-7582','a3315bc5-5559-4037-b389-b825857a591c'),('SI-7cf256e6:160fcb15d18:-7582','ab47f9ac-2e8d-4978-a1fa-e7a66b009558'),('SI-7cf256e6:160fcb15d18:-7582','b119565a-7279-4d0e-b73e-9b666729d3f7'),('SI-7cf256e6:160fcb15d18:-7582','b69be8d2-54fa-45f8-a2b6-0ae4006e49a8'),('SI-7cf256e6:160fcb15d18:-7582','c2a5a3dc-0364-4401-99bf-3207a5ef78cc'),('SI-7cf256e6:160fcb15d18:-7582','c4d8af2c-174d-43a1-8982-55ebd137ec58'),('SI-7cf256e6:160fcb15d18:-7582','c5f73407-72b1-4373-989c-e414e0f27ad7'),('SI-7cf256e6:160fcb15d18:-7582','c7da0331-fe41-49d0-8fe4-5cc9e2af87e4'),('SI-7cf256e6:160fcb15d18:-7582','c9de1d79-c083-49d1-a07a-386db92d26c4'),('SI-7cf256e6:160fcb15d18:-7582','cf36ee99-c52b-4d20-92fd-e8f78f39f622'),('SI-7cf256e6:160fcb15d18:-7582','d2a70f8c-c050-4b5e-862a-faadb3bd4d07'),('SI-7cf256e6:160fcb15d18:-7582','daef4532-b02f-492f-b403-12680e5c8997'),('SI-7cf256e6:160fcb15d18:-7582','e2e9e8b0-65f3-4912-b381-166b5b3a51d9'),('SI-7cf256e6:160fcb15d18:-7582','e60f1f12-1936-4376-8f3e-ca2ae068301c'),('SI-7cf256e6:160fcb15d18:-7582','f46d9938-1fc2-4868-b1e7-d724c6623e7d'),('SI-7cf256e6:160fcb15d18:-7582','f49ba9ee-839a-409d-9b8f-e3cd6c5c9304'),('SI-7cf256e6:160fcb15d18:-7582','ff6936db-9692-4d0f-98a0-63c1ceda0f2f'),('SI-7cf256e6:160fcb15d18:-75d1','9b80e363-30da-4c27-921f-5438afa4b72c'),('SI-7cf256e6:160fcb15d18:-75fe','0ee57a54-81f6-4480-9400-4e26b745e32f'),('SI-7cf256e6:160fcb15d18:-75fe','3e9b0513-3406-4869-bd53-4c05c68a76c4'),('SI-7cf256e6:160fcb15d18:-75fe','9b80e363-30da-4c27-921f-5438afa4b72c'),('SI-7cf256e6:160fcb15d18:-7666','-37198108:1610c32578c:-7bce'),('SI-7cf256e6:160fcb15d18:-7666','9b80e363-30da-4c27-921f-5438afa4b72c'),('SI-7cf256e6:160fcb15d18:-7686','3e9b0513-3406-4869-bd53-4c05c68a76c4'),('SI-7cf256e6:160fcb15d18:-7686','9b80e363-30da-4c27-921f-5438afa4b72c'),('SI-7cf256e6:160fcb15d18:-7686','a3315bc5-5559-4037-b389-b825857a591c'),('SI-7cf256e6:160fcb15d18:-76d3','10933b9a-4769-45da-8306-eb3cee740751'),('SI-7cf256e6:160fcb15d18:-76d3','3e9b0513-3406-4869-bd53-4c05c68a76c4'),('SI-7cf256e6:160fcb15d18:-76d3','9b80e363-30da-4c27-921f-5438afa4b72c'),('SI-7cf256e6:160fcb15d18:-76d3','e2e9e8b0-65f3-4912-b381-166b5b3a51d9'),('SI-7cf256e6:160fcb15d18:-7700','0ee57a54-81f6-4480-9400-4e26b745e32f'),('SI-7cf256e6:160fcb15d18:-7700','3e9b0513-3406-4869-bd53-4c05c68a76c4'),('SI-7cf256e6:160fcb15d18:-7700','9b80e363-30da-4c27-921f-5438afa4b72c'),('SI-7cf256e6:160fcb15d18:-7ae5','3e9b0513-3406-4869-bd53-4c05c68a76c4'),('SI-7cf256e6:160fcb15d18:-7ae5','9b80e363-30da-4c27-921f-5438afa4b72c'),('SI-7cf256e6:160fcb15d18:-7b01','3e9b0513-3406-4869-bd53-4c05c68a76c4'),('SI-7cf256e6:160fcb15d18:-7b01','c2a5a3dc-0364-4401-99bf-3207a5ef78cc'),('SI-7cf256e6:160fcb15d18:-7b46','3e9b0513-3406-4869-bd53-4c05c68a76c4'),('SI-7cf256e6:160fcb15d18:-7b46','9b80e363-30da-4c27-921f-5438afa4b72c'),('SI-7cf256e6:160fcb15d18:-7b6b','3e9b0513-3406-4869-bd53-4c05c68a76c4'),('SI-7cf256e6:160fcb15d18:-7b6b','9b80e363-30da-4c27-921f-5438afa4b72c'),('SI-7cf256e6:160fcb15d18:-7b6b','c2a5a3dc-0364-4401-99bf-3207a5ef78cc'),('SI-7cf256e6:160fcb15d18:-7b9d','9b80e363-30da-4c27-921f-5438afa4b72c'),('SI-7cf256e6:160fcb15d18:-7bbe','3e9b0513-3406-4869-bd53-4c05c68a76c4'),('SI-7cf256e6:160fcb15d18:-7bbe','9b80e363-30da-4c27-921f-5438afa4b72c'),('SI-7cf256e6:160fcb15d18:-7bde','3e9b0513-3406-4869-bd53-4c05c68a76c4'),('SI-7cf256e6:160fcb15d18:-7bde','9b80e363-30da-4c27-921f-5438afa4b72c'),('SI-7cf256e6:160fcb15d18:-7bde','c2a5a3dc-0364-4401-99bf-3207a5ef78cc'),('SI27b2c8fd:160683eee60:-7c8b','daef4532-b02f-492f-b403-12680e5c8997'),('SI2b2d0c91:160b98ef364:-771e','2673d2e1-0b6c-4c5a-904d-a63109bbfbc3'),('SI2b2d0c91:160b98ef364:-7a1a','-7a96f3f7:160b961bda9:-7ee6'),('SI2b2d0c91:160b98ef364:-7c5f','-7a96f3f7:160b961bda9:-7f00'),('SI2b2d0c91:160b98ef364:-7ccc','99ab60a7-b694-4718-9f1e-567a6ede56d2'),('SI2d9cf08e:1604d812fe9:-7dbe','3e9b0513-3406-4869-bd53-4c05c68a76c4'),('SI32730db3:160d0d14d7b:-7c52','99ab60a7-b694-4718-9f1e-567a6ede56d2'),('SI44f86f56:160b984a3fe:-7d3c','99ab60a7-b694-4718-9f1e-567a6ede56d2'),('SI6a70165e:1604ed9aa76:-7d3e','b69be8d2-54fa-45f8-a2b6-0ae4006e49a8'),('SI6e983775:1610c331ceb:-28ab','02b85b2c-05b0-47c1-9829-b7920e6e344c'),('SI6e983775:1610c331ceb:-28ab','0c24eab1-bd7b-4865-bc3e-3feee99836d8'),('SI6e983775:1610c331ceb:-28ab','25ce79d7-ceb7-45dc-a816-e2b579d240d7'),('SI6e983775:1610c331ceb:-28ab','3048df49-c0b1-4cd7-a55a-21e2e2bcdeb0'),('SI6e983775:1610c331ceb:-28ab','33771d06-1b67-4436-bcde-dee22f2701c4'),('SI6e983775:1610c331ceb:-28ab','3d512f55-bfcf-4125-bf7a-befa32944989'),('SI6e983775:1610c331ceb:-28ab','3e1ef85b-a8e3-4396-9853-d3b2bee7e2f8'),('SI6e983775:1610c331ceb:-28ab','7ad14b47-d457-48fe-9a4a-27537f00f393'),('SI6e983775:1610c331ceb:-28ab','7d84b69c-6108-43f6-b0b4-fbfa1e6232af'),('SI6e983775:1610c331ceb:-28ab','a37b13ec-8c89-4217-8d08-4a70b63ad867'),('SI6e983775:1610c331ceb:-28ab','a6ebd76b-ccd6-454d-945c-ce70cc38aff4'),('SI6e983775:1610c331ceb:-28ab','b71818f8-feda-4d01-b911-cb2fab5d8521'),('SI6e983775:1610c331ceb:-28ab','f0eb3663-2001-4aeb-8684-0d14c7e9f32b'),('SI6e983775:1610c331ceb:-2aff','02b85b2c-05b0-47c1-9829-b7920e6e344c'),('SI6e983775:1610c331ceb:-2aff','0c24eab1-bd7b-4865-bc3e-3feee99836d8'),('SI6e983775:1610c331ceb:-2aff','25ce79d7-ceb7-45dc-a816-e2b579d240d7'),('SI6e983775:1610c331ceb:-2aff','3048df49-c0b1-4cd7-a55a-21e2e2bcdeb0'),('SI6e983775:1610c331ceb:-2aff','33771d06-1b67-4436-bcde-dee22f2701c4'),('SI6e983775:1610c331ceb:-2aff','3d512f55-bfcf-4125-bf7a-befa32944989'),('SI6e983775:1610c331ceb:-2aff','3e1ef85b-a8e3-4396-9853-d3b2bee7e2f8'),('SI6e983775:1610c331ceb:-2aff','7ad14b47-d457-48fe-9a4a-27537f00f393'),('SI6e983775:1610c331ceb:-2aff','7d84b69c-6108-43f6-b0b4-fbfa1e6232af'),('SI6e983775:1610c331ceb:-2aff','a37b13ec-8c89-4217-8d08-4a70b63ad867'),('SI6e983775:1610c331ceb:-2aff','a6ebd76b-ccd6-454d-945c-ce70cc38aff4'),('SI6e983775:1610c331ceb:-2aff','b71818f8-feda-4d01-b911-cb2fab5d8521'),('SI6e983775:1610c331ceb:-2aff','bacb54b6-912e-4167-bd9b-7b361e83a8e7'),('SI6e983775:1610c331ceb:-2aff','f0eb3663-2001-4aeb-8684-0d14c7e9f32b'),('SI6e983775:1610c331ceb:-2b8e','bacb54b6-912e-4167-bd9b-7b361e83a8e7'),('SI6e983775:1610c331ceb:-2c5f','bacb54b6-912e-4167-bd9b-7b361e83a8e7'),('SI6e983775:1610c331ceb:-2da5','e470ff49-ea89-4fef-90cc-34901746e48d'),('SI6e983775:1610c331ceb:-2efd','3d1a54a0-c0f6-4539-bb24-380156af556a'),('SI6e983775:1610c331ceb:-301e','7ad14b47-d457-48fe-9a4a-27537f00f393'),('SI6e983775:1610c331ceb:-30c7','02b85b2c-05b0-47c1-9829-b7920e6e344c'),('SI6e983775:1610c331ceb:-3214','33771d06-1b67-4436-bcde-dee22f2701c4'),('SI6e983775:1610c331ceb:-337f','02b85b2c-05b0-47c1-9829-b7920e6e344c'),('SI6e983775:1610c331ceb:-378c','7ad14b47-d457-48fe-9a4a-27537f00f393'),('SI6e983775:1610c331ceb:-37c0','7ad14b47-d457-48fe-9a4a-27537f00f393'),('SI6e983775:1610c331ceb:-38a1','25ce79d7-ceb7-45dc-a816-e2b579d240d7'),('SI6e983775:1610c331ceb:-38dd','7ad14b47-d457-48fe-9a4a-27537f00f393'),('SI6e983775:1610c331ceb:-39a4','02b85b2c-05b0-47c1-9829-b7920e6e344c'),('SI6e983775:1610c331ceb:-39fb','7d84b69c-6108-43f6-b0b4-fbfa1e6232af'),('SI6e983775:1610c331ceb:-3a40','a6ebd76b-ccd6-454d-945c-ce70cc38aff4'),('SI6e983775:1610c331ceb:-3b8e','7ad14b47-d457-48fe-9a4a-27537f00f393'),('SI6e983775:1610c331ceb:-4345','0c24eab1-bd7b-4865-bc3e-3feee99836d8'),('SI6e983775:1610c331ceb:-43b0','0c24eab1-bd7b-4865-bc3e-3feee99836d8'),('SI6e983775:1610c331ceb:-45a0','0c24eab1-bd7b-4865-bc3e-3feee99836d8'),('SI6e983775:1610c331ceb:-4861','2e96727b-cd5f-40f2-8043-f6994d6d75fe'),('SI6e983775:1610c331ceb:-4861','314e8255-2190-4171-b578-4e293aaa50fe'),('SI6e983775:1610c331ceb:-4861','4edb37dd-4496-4aaf-a19d-14609fd0163b'),('SI6e983775:1610c331ceb:-4861','784128fe-957f-4155-943b-bf4111a91699'),('SI6e983775:1610c331ceb:-4861','99ab60a7-b694-4718-9f1e-567a6ede56d2'),('SI6e983775:1610c331ceb:-4861','9b80e363-30da-4c27-921f-5438afa4b72c'),('SI6e983775:1610c331ceb:-4861','a3315bc5-5559-4037-b389-b825857a591c'),('SI6e983775:1610c331ceb:-4861','cf36ee99-c52b-4d20-92fd-e8f78f39f622'),('SI6e983775:1610c331ceb:-4861','daef4532-b02f-492f-b403-12680e5c8997'),('SI6e983775:1610c331ceb:-5301','4cf47b4e-6358-4da5-b726-59e1c27d1e26'),('SI6e983775:1610c331ceb:-5301','ab47f9ac-2e8d-4978-a1fa-e7a66b009558'),('SI6e983775:1610c331ceb:-5301','d2a70f8c-c050-4b5e-862a-faadb3bd4d07'),('SI6e983775:1610c331ceb:-70f7','67ec5f1c-722a-424a-8002-62ec6ca43815'),('SI6e983775:1610c331ceb:-70f7','c4d8af2c-174d-43a1-8982-55ebd137ec58'),('SI6e983775:1610c331ceb:-70f7','c5f73407-72b1-4373-989c-e414e0f27ad7'),('SI6e983775:1610c331ceb:-736b','10933b9a-4769-45da-8306-eb3cee740751'),('SI6e983775:1610c331ceb:-739f','3e9b0513-3406-4869-bd53-4c05c68a76c4'),('SI6e983775:1610c331ceb:-739f','e2e9e8b0-65f3-4912-b381-166b5b3a51d9'),('SI6e983775:1610c331ceb:-7b75','2e96727b-cd5f-40f2-8043-f6994d6d75fe'),('SI6e983775:1610c331ceb:-7b75','314e8255-2190-4171-b578-4e293aaa50fe'),('SI6e983775:1610c331ceb:-7b75','4edb37dd-4496-4aaf-a19d-14609fd0163b'),('SI6e983775:1610c331ceb:-7b75','784128fe-957f-4155-943b-bf4111a91699'),('SI6e983775:1610c331ceb:-7b75','99ab60a7-b694-4718-9f1e-567a6ede56d2'),('SI6e983775:1610c331ceb:-7b75','9b80e363-30da-4c27-921f-5438afa4b72c'),('SI6e983775:1610c331ceb:-7b75','a3315bc5-5559-4037-b389-b825857a591c'),('SI6e983775:1610c331ceb:-7b75','b119565a-7279-4d0e-b73e-9b666729d3f7'),('SI6e983775:1610c331ceb:-7b75','cf36ee99-c52b-4d20-92fd-e8f78f39f622'),('SI6e983775:1610c331ceb:-7b75','daef4532-b02f-492f-b403-12680e5c8997'),('SI861c0b6:160b9a90d8e:-7ccf','2673d2e1-0b6c-4c5a-904d-a63109bbfbc3'),('SI861c0b6:160b9a90d8e:-7d0d','99ab60a7-b694-4718-9f1e-567a6ede56d2'),('SIe70d270:1604e46ff21:-7b8d','38ea5c58-0386-48cd-8a90-bfb2cdf2ce34'),('SIe70d270:1604e46ff21:-7b8d','c7da0331-fe41-49d0-8fe4-5cc9e2af87e4'),('SIe70d270:1604e46ff21:-7d1d','38ea5c58-0386-48cd-8a90-bfb2cdf2ce34'),('SIe70d270:1604e46ff21:-7d9a','d13c1232-1126-4326-9d93-376bd43f6311');

/*!40101 SET SQL_MODE=@OLD_SQL_MODE */;
/*!40014 SET FOREIGN_KEY_CHECKS=@OLD_FOREIGN_KEY_CHECKS */;
/*!40014 SET UNIQUE_CHECKS=@OLD_UNIQUE_CHECKS */;
/*!40111 SET SQL_NOTES=@OLD_SQL_NOTES */;
